NAME,Total Population,Total Population Below Poverty Level,Below Poverty Level: Under 6 years old,Below Poverty Level: 6 to 11 years old,Below Poverty Level: 12 to 17 years old,Below Poverty Level: 18 to 59 years old,Below Poverty Level: 60 to 74 years old,Below Poverty Level: 75 to 84 years old,Below Poverty Level: 85 years old and over,Total Population at or above poverty level,At or above poverty level: Under 6 years old,At or above poverty level: 6 to 11 years old,At or above poverty level: 12 to 17 years old,At or above poverty level: 18 to 59 years old,At or above poverty level: 60 to 74 years old,At or above poverty level: 75 to 84 years old,At or above poverty level: 85 years old and over,state,county,tract,Census Tract,County
Census Tract 101; Guilford County; North Carolina,0.0,0.0,0.0,0.0,0.0,0.0,0.0,0.0,0.0,0.0,0.0,0.0,0.0,0.0,0.0,0.0,0.0,37,081,010100,101,Guilford County
Census Tract 102; Guilford County; North Carolina,0.0,0.0,0.0,0.0,0.0,0.0,0.0,0.0,0.0,0.0,0.0,0.0,0.0,0.0,0.0,0.0,0.0,37,081,010200,102,Guilford County
Census Tract 103; Guilford County; North Carolina,0.0,0.0,0.0,0.0,0.0,0.0,0.0,0.0,0.0,0.0,0.0,0.0,0.0,0.0,0.0,0.0,0.0,37,081,010300,103,Guilford County
Census Tract 104.01; Guilford County; North Carolina,0.0,0.0,0.0,0.0,0.0,0.0,0.0,0.0,0.0,0.0,0.0,0.0,0.0,0.0,0.0,0.0,0.0,37,081,010401,104.01,Guilford County
Census Tract 104.03; Guilford County; North Carolina,0.0,0.0,0.0,0.0,0.0,0.0,0.0,0.0,0.0,0.0,0.0,0.0,0.0,0.0,0.0,0.0,0.0,37,081,010403,104.03,Guilford County
Census Tract 104.04; Guilford County; North Carolina,0.0,0.0,0.0,0.0,0.0,0.0,0.0,0.0,0.0,0.0,0.0,0.0,0.0,0.0,0.0,0.0,0.0,37,081,010404,104.04,Guilford County
Census Tract 105; Guilford County; North Carolina,0.0,0.0,0.0,0.0,0.0,0.0,0.0,0.0,0.0,0.0,0.0,0.0,0.0,0.0,0.0,0.0,0.0,37,081,010500,105,Guilford County
Census Tract 106.01; Guilford County; North Carolina,2.0,2.0,0.0,0.0,0.0,2.0,0.0,0.0,0.0,0.0,0.0,0.0,0.0,0.0,0.0,0.0,0.0,37,081,010601,106.01,Guilford County
Census Tract 106.02; Guilford County; North Carolina,0.0,0.0,0.0,0.0,0.0,0.0,0.0,0.0,0.0,0.0,0.0,0.0,0.0,0.0,0.0,0.0,0.0,37,081,010602,106.02,Guilford County
Census Tract 107.01; Guilford County; North Carolina,0.0,0.0,0.0,0.0,0.0,0.0,0.0,0.0,0.0,0.0,0.0,0.0,0.0,0.0,0.0,0.0,0.0,37,081,010701,107.01,Guilford County
Census Tract 107.02; Guilford County; North Carolina,0.0,0.0,0.0,0.0,0.0,0.0,0.0,0.0,0.0,0.0,0.0,0.0,0.0,0.0,0.0,0.0,0.0,37,081,010702,107.02,Guilford County
Census Tract 108; Guilford County; North Carolina,0.0,0.0,0.0,0.0,0.0,0.0,0.0,0.0,0.0,0.0,0.0,0.0,0.0,0.0,0.0,0.0,0.0,37,081,010800,108,Guilford County
Census Tract 109; Guilford County; North Carolina,0.0,0.0,0.0,0.0,0.0,0.0,0.0,0.0,0.0,0.0,0.0,0.0,0.0,0.0,0.0,0.0,0.0,37,081,010900,109,Guilford County
Census Tract 110; Guilford County; North Carolina,0.0,0.0,0.0,0.0,0.0,0.0,0.0,0.0,0.0,0.0,0.0,0.0,0.0,0.0,0.0,0.0,0.0,37,081,011000,110,Guilford County
Census Tract 111.01; Guilford County; North Carolina,0.0,0.0,0.0,0.0,0.0,0.0,0.0,0.0,0.0,0.0,0.0,0.0,0.0,0.0,0.0,0.0,0.0,37,081,011101,111.01,Guilford County
Census Tract 111.02; Guilford County; North Carolina,0.0,0.0,0.0,0.0,0.0,0.0,0.0,0.0,0.0,0.0,0.0,0.0,0.0,0.0,0.0,0.0,0.0,37,081,011102,111.02,Guilford County
Census Tract 112.01; Guilford County; North Carolina,0.0,0.0,0.0,0.0,0.0,0.0,0.0,0.0,0.0,0.0,0.0,0.0,0.0,0.0,0.0,0.0,0.0,37,081,011201,112.01,Guilford County
Census Tract 112.02; Guilford County; North Carolina,0.0,0.0,0.0,0.0,0.0,0.0,0.0,0.0,0.0,0.0,0.0,0.0,0.0,0.0,0.0,0.0,0.0,37,081,011202,112.02,Guilford County
Census Tract 113; Guilford County; North Carolina,0.0,0.0,0.0,0.0,0.0,0.0,0.0,0.0,0.0,0.0,0.0,0.0,0.0,0.0,0.0,0.0,0.0,37,081,011300,113,Guilford County
Census Tract 114; Guilford County; North Carolina,0.0,0.0,0.0,0.0,0.0,0.0,0.0,0.0,0.0,0.0,0.0,0.0,0.0,0.0,0.0,0.0,0.0,37,081,011400,114,Guilford County
Census Tract 115; Guilford County; North Carolina,0.0,0.0,0.0,0.0,0.0,0.0,0.0,0.0,0.0,0.0,0.0,0.0,0.0,0.0,0.0,0.0,0.0,37,081,011500,115,Guilford County
Census Tract 116.01; Guilford County; North Carolina,0.0,0.0,0.0,0.0,0.0,0.0,0.0,0.0,0.0,0.0,0.0,0.0,0.0,0.0,0.0,0.0,0.0,37,081,011601,116.01,Guilford County
Census Tract 116.02; Guilford County; North Carolina,0.0,0.0,0.0,0.0,0.0,0.0,0.0,0.0,0.0,0.0,0.0,0.0,0.0,0.0,0.0,0.0,0.0,37,081,011602,116.02,Guilford County
Census Tract 119.04; Guilford County; North Carolina,0.0,0.0,0.0,0.0,0.0,0.0,0.0,0.0,0.0,0.0,0.0,0.0,0.0,0.0,0.0,0.0,0.0,37,081,011904,119.04,Guilford County
Census Tract 119.05; Guilford County; North Carolina,0.0,0.0,0.0,0.0,0.0,0.0,0.0,0.0,0.0,0.0,0.0,0.0,0.0,0.0,0.0,0.0,0.0,37,081,011905,119.05,Guilford County
Census Tract 125.03; Guilford County; North Carolina,0.0,0.0,0.0,0.0,0.0,0.0,0.0,0.0,0.0,0.0,0.0,0.0,0.0,0.0,0.0,0.0,0.0,37,081,012503,125.03,Guilford County
Census Tract 125.04; Guilford County; North Carolina,0.0,0.0,0.0,0.0,0.0,0.0,0.0,0.0,0.0,0.0,0.0,0.0,0.0,0.0,0.0,0.0,0.0,37,081,012504,125.04,Guilford County
Census Tract 125.05; Guilford County; North Carolina,0.0,0.0,0.0,0.0,0.0,0.0,0.0,0.0,0.0,0.0,0.0,0.0,0.0,0.0,0.0,0.0,0.0,37,081,012505,125.05,Guilford County
Census Tract 125.08; Guilford County; North Carolina,0.0,0.0,0.0,0.0,0.0,0.0,0.0,0.0,0.0,0.0,0.0,0.0,0.0,0.0,0.0,0.0,0.0,37,081,012508,125.08,Guilford County
Census Tract 125.09; Guilford County; North Carolina,0.0,0.0,0.0,0.0,0.0,0.0,0.0,0.0,0.0,0.0,0.0,0.0,0.0,0.0,0.0,0.0,0.0,37,081,012509,125.09,Guilford County
Census Tract 125.10; Guilford County; North Carolina,0.0,0.0,0.0,0.0,0.0,0.0,0.0,0.0,0.0,0.0,0.0,0.0,0.0,0.0,0.0,0.0,0.0,37,081,012510,125.10,Guilford County
Census Tract 125.11; Guilford County; North Carolina,0.0,0.0,0.0,0.0,0.0,0.0,0.0,0.0,0.0,0.0,0.0,0.0,0.0,0.0,0.0,0.0,0.0,37,081,012511,125.11,Guilford County
Census Tract 126.04; Guilford County; North Carolina,0.0,0.0,0.0,0.0,0.0,0.0,0.0,0.0,0.0,0.0,0.0,0.0,0.0,0.0,0.0,0.0,0.0,37,081,012604,126.04,Guilford County
Census Tract 126.07; Guilford County; North Carolina,0.0,0.0,0.0,0.0,0.0,0.0,0.0,0.0,0.0,0.0,0.0,0.0,0.0,0.0,0.0,0.0,0.0,37,081,012607,126.07,Guilford County
Census Tract 126.08; Guilford County; North Carolina,0.0,0.0,0.0,0.0,0.0,0.0,0.0,0.0,0.0,0.0,0.0,0.0,0.0,0.0,0.0,0.0,0.0,37,081,012608,126.08,Guilford County
Census Tract 126.10; Guilford County; North Carolina,1.0,1.0,0.0,0.0,1.0,0.0,0.0,0.0,0.0,0.0,0.0,0.0,0.0,0.0,0.0,0.0,0.0,37,081,012610,126.10,Guilford County
Census Tract 126.11; Guilford County; North Carolina,0.0,0.0,0.0,0.0,0.0,0.0,0.0,0.0,0.0,0.0,0.0,0.0,0.0,0.0,0.0,0.0,0.0,37,081,012611,126.11,Guilford County
Census Tract 126.12; Guilford County; North Carolina,0.0,0.0,0.0,0.0,0.0,0.0,0.0,0.0,0.0,0.0,0.0,0.0,0.0,0.0,0.0,0.0,0.0,37,081,012612,126.12,Guilford County
Census Tract 126.17; Guilford County; North Carolina,0.0,0.0,0.0,0.0,0.0,0.0,0.0,0.0,0.0,0.0,0.0,0.0,0.0,0.0,0.0,0.0,0.0,37,081,012617,126.17,Guilford County
Census Tract 126.18; Guilford County; North Carolina,0.0,0.0,0.0,0.0,0.0,0.0,0.0,0.0,0.0,0.0,0.0,0.0,0.0,0.0,0.0,0.0,0.0,37,081,012618,126.18,Guilford County
Census Tract 126.19; Guilford County; North Carolina,0.0,0.0,0.0,0.0,0.0,0.0,0.0,0.0,0.0,0.0,0.0,0.0,0.0,0.0,0.0,0.0,0.0,37,081,012619,126.19,Guilford County
Census Tract 126.20; Guilford County; North Carolina,0.0,0.0,0.0,0.0,0.0,0.0,0.0,0.0,0.0,0.0,0.0,0.0,0.0,0.0,0.0,0.0,0.0,37,081,012620,126.20,Guilford County
Census Tract 126.21; Guilford County; North Carolina,0.0,0.0,0.0,0.0,0.0,0.0,0.0,0.0,0.0,0.0,0.0,0.0,0.0,0.0,0.0,0.0,0.0,37,081,012621,126.21,Guilford County
Census Tract 127.03; Guilford County; North Carolina,0.0,0.0,0.0,0.0,0.0,0.0,0.0,0.0,0.0,0.0,0.0,0.0,0.0,0.0,0.0,0.0,0.0,37,081,012703,127.03,Guilford County
Census Tract 127.04; Guilford County; North Carolina,0.0,0.0,0.0,0.0,0.0,0.0,0.0,0.0,0.0,0.0,0.0,0.0,0.0,0.0,0.0,0.0,0.0,37,081,012704,127.04,Guilford County
Census Tract 127.05; Guilford County; North Carolina,0.0,0.0,0.0,0.0,0.0,0.0,0.0,0.0,0.0,0.0,0.0,0.0,0.0,0.0,0.0,0.0,0.0,37,081,012705,127.05,Guilford County
Census Tract 127.06; Guilford County; North Carolina,0.0,0.0,0.0,0.0,0.0,0.0,0.0,0.0,0.0,0.0,0.0,0.0,0.0,0.0,0.0,0.0,0.0,37,081,012706,127.06,Guilford County
Census Tract 127.07; Guilford County; North Carolina,0.0,0.0,0.0,0.0,0.0,0.0,0.0,0.0,0.0,0.0,0.0,0.0,0.0,0.0,0.0,0.0,0.0,37,081,012707,127.07,Guilford County
Census Tract 128.03; Guilford County; North Carolina,0.0,0.0,0.0,0.0,0.0,0.0,0.0,0.0,0.0,0.0,0.0,0.0,0.0,0.0,0.0,0.0,0.0,37,081,012803,128.03,Guilford County
Census Tract 128.04; Guilford County; North Carolina,0.0,0.0,0.0,0.0,0.0,0.0,0.0,0.0,0.0,0.0,0.0,0.0,0.0,0.0,0.0,0.0,0.0,37,081,012804,128.04,Guilford County
Census Tract 128.05; Guilford County; North Carolina,0.0,0.0,0.0,0.0,0.0,0.0,0.0,0.0,0.0,0.0,0.0,0.0,0.0,0.0,0.0,0.0,0.0,37,081,012805,128.05,Guilford County
Census Tract 136.01; Guilford County; North Carolina,0.0,0.0,0.0,0.0,0.0,0.0,0.0,0.0,0.0,0.0,0.0,0.0,0.0,0.0,0.0,0.0,0.0,37,081,013601,136.01,Guilford County
Census Tract 136.02; Guilford County; North Carolina,0.0,0.0,0.0,0.0,0.0,0.0,0.0,0.0,0.0,0.0,0.0,0.0,0.0,0.0,0.0,0.0,0.0,37,081,013602,136.02,Guilford County
Census Tract 137; Guilford County; North Carolina,0.0,0.0,0.0,0.0,0.0,0.0,0.0,0.0,0.0,0.0,0.0,0.0,0.0,0.0,0.0,0.0,0.0,37,081,013700,137,Guilford County
Census Tract 138; Guilford County; North Carolina,0.0,0.0,0.0,0.0,0.0,0.0,0.0,0.0,0.0,0.0,0.0,0.0,0.0,0.0,0.0,0.0,0.0,37,081,013800,138,Guilford County
Census Tract 139; Guilford County; North Carolina,0.0,0.0,0.0,0.0,0.0,0.0,0.0,0.0,0.0,0.0,0.0,0.0,0.0,0.0,0.0,0.0,0.0,37,081,013900,139,Guilford County
Census Tract 140; Guilford County; North Carolina,0.0,0.0,0.0,0.0,0.0,0.0,0.0,0.0,0.0,0.0,0.0,0.0,0.0,0.0,0.0,0.0,0.0,37,081,014000,140,Guilford County
Census Tract 142; Guilford County; North Carolina,0.0,0.0,0.0,0.0,0.0,0.0,0.0,0.0,0.0,0.0,0.0,0.0,0.0,0.0,0.0,0.0,0.0,37,081,014200,142,Guilford County
Census Tract 143; Guilford County; North Carolina,16.0,0.0,0.0,0.0,0.0,0.0,0.0,0.0,0.0,16.0,0.0,0.0,0.0,16.0,0.0,0.0,0.0,37,081,014300,143,Guilford County
Census Tract 144.06; Guilford County; North Carolina,0.0,0.0,0.0,0.0,0.0,0.0,0.0,0.0,0.0,0.0,0.0,0.0,0.0,0.0,0.0,0.0,0.0,37,081,014406,144.06,Guilford County
Census Tract 144.07; Guilford County; North Carolina,0.0,0.0,0.0,0.0,0.0,0.0,0.0,0.0,0.0,0.0,0.0,0.0,0.0,0.0,0.0,0.0,0.0,37,081,014407,144.07,Guilford County
Census Tract 144.08; Guilford County; North Carolina,0.0,0.0,0.0,0.0,0.0,0.0,0.0,0.0,0.0,0.0,0.0,0.0,0.0,0.0,0.0,0.0,0.0,37,081,014408,144.08,Guilford County
Census Tract 144.09; Guilford County; North Carolina,0.0,0.0,0.0,0.0,0.0,0.0,0.0,0.0,0.0,0.0,0.0,0.0,0.0,0.0,0.0,0.0,0.0,37,081,014409,144.09,Guilford County
Census Tract 144.10; Guilford County; North Carolina,0.0,0.0,0.0,0.0,0.0,0.0,0.0,0.0,0.0,0.0,0.0,0.0,0.0,0.0,0.0,0.0,0.0,37,081,014410,144.10,Guilford County
Census Tract 144.11; Guilford County; North Carolina,0.0,0.0,0.0,0.0,0.0,0.0,0.0,0.0,0.0,0.0,0.0,0.0,0.0,0.0,0.0,0.0,0.0,37,081,014411,144.11,Guilford County
Census Tract 144.12; Guilford County; North Carolina,0.0,0.0,0.0,0.0,0.0,0.0,0.0,0.0,0.0,0.0,0.0,0.0,0.0,0.0,0.0,0.0,0.0,37,081,014412,144.12,Guilford County
Census Tract 145.01; Guilford County; North Carolina,0.0,0.0,0.0,0.0,0.0,0.0,0.0,0.0,0.0,0.0,0.0,0.0,0.0,0.0,0.0,0.0,0.0,37,081,014501,145.01,Guilford County
Census Tract 145.02; Guilford County; North Carolina,0.0,0.0,0.0,0.0,0.0,0.0,0.0,0.0,0.0,0.0,0.0,0.0,0.0,0.0,0.0,0.0,0.0,37,081,014502,145.02,Guilford County
Census Tract 145.03; Guilford County; North Carolina,0.0,0.0,0.0,0.0,0.0,0.0,0.0,0.0,0.0,0.0,0.0,0.0,0.0,0.0,0.0,0.0,0.0,37,081,014503,145.03,Guilford County
Census Tract 151; Guilford County; North Carolina,0.0,0.0,0.0,0.0,0.0,0.0,0.0,0.0,0.0,0.0,0.0,0.0,0.0,0.0,0.0,0.0,0.0,37,081,015100,151,Guilford County
Census Tract 152.01; Guilford County; North Carolina,0.0,0.0,0.0,0.0,0.0,0.0,0.0,0.0,0.0,0.0,0.0,0.0,0.0,0.0,0.0,0.0,0.0,37,081,015201,152.01,Guilford County
Census Tract 152.02; Guilford County; North Carolina,0.0,0.0,0.0,0.0,0.0,0.0,0.0,0.0,0.0,0.0,0.0,0.0,0.0,0.0,0.0,0.0,0.0,37,081,015202,152.02,Guilford County
Census Tract 153.01; Guilford County; North Carolina,0.0,0.0,0.0,0.0,0.0,0.0,0.0,0.0,0.0,0.0,0.0,0.0,0.0,0.0,0.0,0.0,0.0,37,081,015301,153.01,Guilford County
Census Tract 153.02; Guilford County; North Carolina,0.0,0.0,0.0,0.0,0.0,0.0,0.0,0.0,0.0,0.0,0.0,0.0,0.0,0.0,0.0,0.0,0.0,37,081,015302,153.02,Guilford County
Census Tract 154.01; Guilford County; North Carolina,0.0,0.0,0.0,0.0,0.0,0.0,0.0,0.0,0.0,0.0,0.0,0.0,0.0,0.0,0.0,0.0,0.0,37,081,015401,154.01,Guilford County
Census Tract 154.02; Guilford County; North Carolina,0.0,0.0,0.0,0.0,0.0,0.0,0.0,0.0,0.0,0.0,0.0,0.0,0.0,0.0,0.0,0.0,0.0,37,081,015402,154.02,Guilford County
Census Tract 155; Guilford County; North Carolina,0.0,0.0,0.0,0.0,0.0,0.0,0.0,0.0,0.0,0.0,0.0,0.0,0.0,0.0,0.0,0.0,0.0,37,081,015500,155,Guilford County
Census Tract 156.01; Guilford County; North Carolina,0.0,0.0,0.0,0.0,0.0,0.0,0.0,0.0,0.0,0.0,0.0,0.0,0.0,0.0,0.0,0.0,0.0,37,081,015601,156.01,Guilford County
Census Tract 156.02; Guilford County; North Carolina,0.0,0.0,0.0,0.0,0.0,0.0,0.0,0.0,0.0,0.0,0.0,0.0,0.0,0.0,0.0,0.0,0.0,37,081,015602,156.02,Guilford County
Census Tract 157.03; Guilford County; North Carolina,0.0,0.0,0.0,0.0,0.0,0.0,0.0,0.0,0.0,0.0,0.0,0.0,0.0,0.0,0.0,0.0,0.0,37,081,015703,157.03,Guilford County
Census Tract 157.04; Guilford County; North Carolina,19.0,0.0,0.0,0.0,0.0,0.0,0.0,0.0,0.0,19.0,0.0,0.0,0.0,19.0,0.0,0.0,0.0,37,081,015704,157.04,Guilford County
Census Tract 157.05; Guilford County; North Carolina,0.0,0.0,0.0,0.0,0.0,0.0,0.0,0.0,0.0,0.0,0.0,0.0,0.0,0.0,0.0,0.0,0.0,37,081,015705,157.05,Guilford County
Census Tract 157.06; Guilford County; North Carolina,0.0,0.0,0.0,0.0,0.0,0.0,0.0,0.0,0.0,0.0,0.0,0.0,0.0,0.0,0.0,0.0,0.0,37,081,015706,157.06,Guilford County
Census Tract 157.07; Guilford County; North Carolina,0.0,0.0,0.0,0.0,0.0,0.0,0.0,0.0,0.0,0.0,0.0,0.0,0.0,0.0,0.0,0.0,0.0,37,081,015707,157.07,Guilford County
Census Tract 158; Guilford County; North Carolina,0.0,0.0,0.0,0.0,0.0,0.0,0.0,0.0,0.0,0.0,0.0,0.0,0.0,0.0,0.0,0.0,0.0,37,081,015800,158,Guilford County
Census Tract 159.01; Guilford County; North Carolina,0.0,0.0,0.0,0.0,0.0,0.0,0.0,0.0,0.0,0.0,0.0,0.0,0.0,0.0,0.0,0.0,0.0,37,081,015901,159.01,Guilford County
Census Tract 159.02; Guilford County; North Carolina,10.0,10.0,0.0,0.0,0.0,10.0,0.0,0.0,0.0,0.0,0.0,0.0,0.0,0.0,0.0,0.0,0.0,37,081,015902,159.02,Guilford County
Census Tract 160.03; Guilford County; North Carolina,0.0,0.0,0.0,0.0,0.0,0.0,0.0,0.0,0.0,0.0,0.0,0.0,0.0,0.0,0.0,0.0,0.0,37,081,016003,160.03,Guilford County
Census Tract 160.05; Guilford County; North Carolina,0.0,0.0,0.0,0.0,0.0,0.0,0.0,0.0,0.0,0.0,0.0,0.0,0.0,0.0,0.0,0.0,0.0,37,081,016005,160.05,Guilford County
Census Tract 160.06; Guilford County; North Carolina,0.0,0.0,0.0,0.0,0.0,0.0,0.0,0.0,0.0,0.0,0.0,0.0,0.0,0.0,0.0,0.0,0.0,37,081,016006,160.06,Guilford County
Census Tract 160.07; Guilford County; North Carolina,0.0,0.0,0.0,0.0,0.0,0.0,0.0,0.0,0.0,0.0,0.0,0.0,0.0,0.0,0.0,0.0,0.0,37,081,016007,160.07,Guilford County
Census Tract 160.08; Guilford County; North Carolina,0.0,0.0,0.0,0.0,0.0,0.0,0.0,0.0,0.0,0.0,0.0,0.0,0.0,0.0,0.0,0.0,0.0,37,081,016008,160.08,Guilford County
Census Tract 160.09; Guilford County; North Carolina,0.0,0.0,0.0,0.0,0.0,0.0,0.0,0.0,0.0,0.0,0.0,0.0,0.0,0.0,0.0,0.0,0.0,37,081,016009,160.09,Guilford County
Census Tract 160.10; Guilford County; North Carolina,0.0,0.0,0.0,0.0,0.0,0.0,0.0,0.0,0.0,0.0,0.0,0.0,0.0,0.0,0.0,0.0,0.0,37,081,016010,160.10,Guilford County
Census Tract 160.11; Guilford County; North Carolina,0.0,0.0,0.0,0.0,0.0,0.0,0.0,0.0,0.0,0.0,0.0,0.0,0.0,0.0,0.0,0.0,0.0,37,081,016011,160.11,Guilford County
Census Tract 161.01; Guilford County; North Carolina,0.0,0.0,0.0,0.0,0.0,0.0,0.0,0.0,0.0,0.0,0.0,0.0,0.0,0.0,0.0,0.0,0.0,37,081,016101,161.01,Guilford County
Census Tract 161.02; Guilford County; North Carolina,0.0,0.0,0.0,0.0,0.0,0.0,0.0,0.0,0.0,0.0,0.0,0.0,0.0,0.0,0.0,0.0,0.0,37,081,016102,161.02,Guilford County
Census Tract 161.03; Guilford County; North Carolina,0.0,0.0,0.0,0.0,0.0,0.0,0.0,0.0,0.0,0.0,0.0,0.0,0.0,0.0,0.0,0.0,0.0,37,081,016103,161.03,Guilford County
Census Tract 162.01; Guilford County; North Carolina,0.0,0.0,0.0,0.0,0.0,0.0,0.0,0.0,0.0,0.0,0.0,0.0,0.0,0.0,0.0,0.0,0.0,37,081,016201,162.01,Guilford County
Census Tract 162.03; Guilford County; North Carolina,0.0,0.0,0.0,0.0,0.0,0.0,0.0,0.0,0.0,0.0,0.0,0.0,0.0,0.0,0.0,0.0,0.0,37,081,016203,162.03,Guilford County
Census Tract 162.04; Guilford County; North Carolina,0.0,0.0,0.0,0.0,0.0,0.0,0.0,0.0,0.0,0.0,0.0,0.0,0.0,0.0,0.0,0.0,0.0,37,081,016204,162.04,Guilford County
Census Tract 162.05; Guilford County; North Carolina,0.0,0.0,0.0,0.0,0.0,0.0,0.0,0.0,0.0,0.0,0.0,0.0,0.0,0.0,0.0,0.0,0.0,37,081,016205,162.05,Guilford County
Census Tract 163.03; Guilford County; North Carolina,0.0,0.0,0.0,0.0,0.0,0.0,0.0,0.0,0.0,0.0,0.0,0.0,0.0,0.0,0.0,0.0,0.0,37,081,016303,163.03,Guilford County
Census Tract 163.04; Guilford County; North Carolina,1.0,1.0,0.0,0.0,0.0,1.0,0.0,0.0,0.0,0.0,0.0,0.0,0.0,0.0,0.0,0.0,0.0,37,081,016304,163.04,Guilford County
Census Tract 163.05; Guilford County; North Carolina,0.0,0.0,0.0,0.0,0.0,0.0,0.0,0.0,0.0,0.0,0.0,0.0,0.0,0.0,0.0,0.0,0.0,37,081,016305,163.05,Guilford County
Census Tract 163.06; Guilford County; North Carolina,0.0,0.0,0.0,0.0,0.0,0.0,0.0,0.0,0.0,0.0,0.0,0.0,0.0,0.0,0.0,0.0,0.0,37,081,016306,163.06,Guilford County
Census Tract 164.05; Guilford County; North Carolina,0.0,0.0,0.0,0.0,0.0,0.0,0.0,0.0,0.0,0.0,0.0,0.0,0.0,0.0,0.0,0.0,0.0,37,081,016405,164.05,Guilford County
Census Tract 164.06; Guilford County; North Carolina,0.0,0.0,0.0,0.0,0.0,0.0,0.0,0.0,0.0,0.0,0.0,0.0,0.0,0.0,0.0,0.0,0.0,37,081,016406,164.06,Guilford County
Census Tract 164.07; Guilford County; North Carolina,0.0,0.0,0.0,0.0,0.0,0.0,0.0,0.0,0.0,0.0,0.0,0.0,0.0,0.0,0.0,0.0,0.0,37,081,016407,164.07,Guilford County
Census Tract 164.08; Guilford County; North Carolina,0.0,0.0,0.0,0.0,0.0,0.0,0.0,0.0,0.0,0.0,0.0,0.0,0.0,0.0,0.0,0.0,0.0,37,081,016408,164.08,Guilford County
Census Tract 164.09; Guilford County; North Carolina,0.0,0.0,0.0,0.0,0.0,0.0,0.0,0.0,0.0,0.0,0.0,0.0,0.0,0.0,0.0,0.0,0.0,37,081,016409,164.09,Guilford County
Census Tract 164.10; Guilford County; North Carolina,0.0,0.0,0.0,0.0,0.0,0.0,0.0,0.0,0.0,0.0,0.0,0.0,0.0,0.0,0.0,0.0,0.0,37,081,016410,164.10,Guilford County
Census Tract 165.02; Guilford County; North Carolina,17.0,0.0,0.0,0.0,0.0,0.0,0.0,0.0,0.0,17.0,0.0,0.0,0.0,0.0,0.0,17.0,0.0,37,081,016502,165.02,Guilford County
Census Tract 165.03; Guilford County; North Carolina,0.0,0.0,0.0,0.0,0.0,0.0,0.0,0.0,0.0,0.0,0.0,0.0,0.0,0.0,0.0,0.0,0.0,37,081,016503,165.03,Guilford County
Census Tract 165.05; Guilford County; North Carolina,0.0,0.0,0.0,0.0,0.0,0.0,0.0,0.0,0.0,0.0,0.0,0.0,0.0,0.0,0.0,0.0,0.0,37,081,016505,165.05,Guilford County
Census Tract 165.06; Guilford County; North Carolina,0.0,0.0,0.0,0.0,0.0,0.0,0.0,0.0,0.0,0.0,0.0,0.0,0.0,0.0,0.0,0.0,0.0,37,081,016506,165.06,Guilford County
Census Tract 166; Guilford County; North Carolina,0.0,0.0,0.0,0.0,0.0,0.0,0.0,0.0,0.0,0.0,0.0,0.0,0.0,0.0,0.0,0.0,0.0,37,081,016600,166,Guilford County
Census Tract 167.01; Guilford County; North Carolina,0.0,0.0,0.0,0.0,0.0,0.0,0.0,0.0,0.0,0.0,0.0,0.0,0.0,0.0,0.0,0.0,0.0,37,081,016701,167.01,Guilford County
Census Tract 167.02; Guilford County; North Carolina,0.0,0.0,0.0,0.0,0.0,0.0,0.0,0.0,0.0,0.0,0.0,0.0,0.0,0.0,0.0,0.0,0.0,37,081,016702,167.02,Guilford County
Census Tract 168; Guilford County; North Carolina,0.0,0.0,0.0,0.0,0.0,0.0,0.0,0.0,0.0,0.0,0.0,0.0,0.0,0.0,0.0,0.0,0.0,37,081,016800,168,Guilford County
Census Tract 169; Guilford County; North Carolina,0.0,0.0,0.0,0.0,0.0,0.0,0.0,0.0,0.0,0.0,0.0,0.0,0.0,0.0,0.0,0.0,0.0,37,081,016900,169,Guilford County
Census Tract 170; Guilford County; North Carolina,0.0,0.0,0.0,0.0,0.0,0.0,0.0,0.0,0.0,0.0,0.0,0.0,0.0,0.0,0.0,0.0,0.0,37,081,017000,170,Guilford County
Census Tract 171.01; Guilford County; North Carolina,0.0,0.0,0.0,0.0,0.0,0.0,0.0,0.0,0.0,0.0,0.0,0.0,0.0,0.0,0.0,0.0,0.0,37,081,017101,171.01,Guilford County
Census Tract 171.02; Guilford County; North Carolina,0.0,0.0,0.0,0.0,0.0,0.0,0.0,0.0,0.0,0.0,0.0,0.0,0.0,0.0,0.0,0.0,0.0,37,081,017102,171.02,Guilford County
Census Tract 172; Guilford County; North Carolina,0.0,0.0,0.0,0.0,0.0,0.0,0.0,0.0,0.0,0.0,0.0,0.0,0.0,0.0,0.0,0.0,0.0,37,081,017200,172,Guilford County
Census Tract 9801; Guilford County; North Carolina,0.0,0.0,0.0,0.0,0.0,0.0,0.0,0.0,0.0,0.0,0.0,0.0,0.0,0.0,0.0,0.0,0.0,37,081,980100,9801,Guilford County
Census Tract 1; Forsyth County; North Carolina,0.0,0.0,0.0,0.0,0.0,0.0,0.0,0.0,0.0,0.0,0.0,0.0,0.0,0.0,0.0,0.0,0.0,37,067,000100,1,Forsyth County
Census Tract 2; Forsyth County; North Carolina,0.0,0.0,0.0,0.0,0.0,0.0,0.0,0.0,0.0,0.0,0.0,0.0,0.0,0.0,0.0,0.0,0.0,37,067,000200,2,Forsyth County
Census Tract 3.01; Forsyth County; North Carolina,0.0,0.0,0.0,0.0,0.0,0.0,0.0,0.0,0.0,0.0,0.0,0.0,0.0,0.0,0.0,0.0,0.0,37,067,000301,3.01,Forsyth County
Census Tract 3.02; Forsyth County; North Carolina,0.0,0.0,0.0,0.0,0.0,0.0,0.0,0.0,0.0,0.0,0.0,0.0,0.0,0.0,0.0,0.0,0.0,37,067,000302,3.02,Forsyth County
Census Tract 4; Forsyth County; North Carolina,0.0,0.0,0.0,0.0,0.0,0.0,0.0,0.0,0.0,0.0,0.0,0.0,0.0,0.0,0.0,0.0,0.0,37,067,000400,4,Forsyth County
Census Tract 5; Forsyth County; North Carolina,15.0,15.0,0.0,0.0,0.0,15.0,0.0,0.0,0.0,0.0,0.0,0.0,0.0,0.0,0.0,0.0,0.0,37,067,000500,5,Forsyth County
Census Tract 6; Forsyth County; North Carolina,0.0,0.0,0.0,0.0,0.0,0.0,0.0,0.0,0.0,0.0,0.0,0.0,0.0,0.0,0.0,0.0,0.0,37,067,000600,6,Forsyth County
Census Tract 7; Forsyth County; North Carolina,0.0,0.0,0.0,0.0,0.0,0.0,0.0,0.0,0.0,0.0,0.0,0.0,0.0,0.0,0.0,0.0,0.0,37,067,000700,7,Forsyth County
Census Tract 8.01; Forsyth County; North Carolina,0.0,0.0,0.0,0.0,0.0,0.0,0.0,0.0,0.0,0.0,0.0,0.0,0.0,0.0,0.0,0.0,0.0,37,067,000801,8.01,Forsyth County
Census Tract 8.02; Forsyth County; North Carolina,0.0,0.0,0.0,0.0,0.0,0.0,0.0,0.0,0.0,0.0,0.0,0.0,0.0,0.0,0.0,0.0,0.0,37,067,000802,8.02,Forsyth County
Census Tract 9; Forsyth County; North Carolina,0.0,0.0,0.0,0.0,0.0,0.0,0.0,0.0,0.0,0.0,0.0,0.0,0.0,0.0,0.0,0.0,0.0,37,067,000900,9,Forsyth County
Census Tract 10; Forsyth County; North Carolina,0.0,0.0,0.0,0.0,0.0,0.0,0.0,0.0,0.0,0.0,0.0,0.0,0.0,0.0,0.0,0.0,0.0,37,067,001000,10,Forsyth County
Census Tract 11; Forsyth County; North Carolina,0.0,0.0,0.0,0.0,0.0,0.0,0.0,0.0,0.0,0.0,0.0,0.0,0.0,0.0,0.0,0.0,0.0,37,067,001100,11,Forsyth County
Census Tract 12; Forsyth County; North Carolina,0.0,0.0,0.0,0.0,0.0,0.0,0.0,0.0,0.0,0.0,0.0,0.0,0.0,0.0,0.0,0.0,0.0,37,067,001200,12,Forsyth County
Census Tract 13; Forsyth County; North Carolina,9.0,0.0,0.0,0.0,0.0,0.0,0.0,0.0,0.0,9.0,0.0,0.0,0.0,0.0,9.0,0.0,0.0,37,067,001300,13,Forsyth County
Census Tract 14; Forsyth County; North Carolina,0.0,0.0,0.0,0.0,0.0,0.0,0.0,0.0,0.0,0.0,0.0,0.0,0.0,0.0,0.0,0.0,0.0,37,067,001400,14,Forsyth County
Census Tract 15; Forsyth County; North Carolina,0.0,0.0,0.0,0.0,0.0,0.0,0.0,0.0,0.0,0.0,0.0,0.0,0.0,0.0,0.0,0.0,0.0,37,067,001500,15,Forsyth County
Census Tract 16.01; Forsyth County; North Carolina,0.0,0.0,0.0,0.0,0.0,0.0,0.0,0.0,0.0,0.0,0.0,0.0,0.0,0.0,0.0,0.0,0.0,37,067,001601,16.01,Forsyth County
Census Tract 16.02; Forsyth County; North Carolina,0.0,0.0,0.0,0.0,0.0,0.0,0.0,0.0,0.0,0.0,0.0,0.0,0.0,0.0,0.0,0.0,0.0,37,067,001602,16.02,Forsyth County
Census Tract 17; Forsyth County; North Carolina,0.0,0.0,0.0,0.0,0.0,0.0,0.0,0.0,0.0,0.0,0.0,0.0,0.0,0.0,0.0,0.0,0.0,37,067,001700,17,Forsyth County
Census Tract 18; Forsyth County; North Carolina,0.0,0.0,0.0,0.0,0.0,0.0,0.0,0.0,0.0,0.0,0.0,0.0,0.0,0.0,0.0,0.0,0.0,37,067,001800,18,Forsyth County
Census Tract 19.01; Forsyth County; North Carolina,0.0,0.0,0.0,0.0,0.0,0.0,0.0,0.0,0.0,0.0,0.0,0.0,0.0,0.0,0.0,0.0,0.0,37,067,001901,19.01,Forsyth County
Census Tract 19.02; Forsyth County; North Carolina,0.0,0.0,0.0,0.0,0.0,0.0,0.0,0.0,0.0,0.0,0.0,0.0,0.0,0.0,0.0,0.0,0.0,37,067,001902,19.02,Forsyth County
Census Tract 20.01; Forsyth County; North Carolina,0.0,0.0,0.0,0.0,0.0,0.0,0.0,0.0,0.0,0.0,0.0,0.0,0.0,0.0,0.0,0.0,0.0,37,067,002001,20.01,Forsyth County
Census Tract 20.02; Forsyth County; North Carolina,0.0,0.0,0.0,0.0,0.0,0.0,0.0,0.0,0.0,0.0,0.0,0.0,0.0,0.0,0.0,0.0,0.0,37,067,002002,20.02,Forsyth County
Census Tract 21; Forsyth County; North Carolina,0.0,0.0,0.0,0.0,0.0,0.0,0.0,0.0,0.0,0.0,0.0,0.0,0.0,0.0,0.0,0.0,0.0,37,067,002100,21,Forsyth County
Census Tract 22; Forsyth County; North Carolina,0.0,0.0,0.0,0.0,0.0,0.0,0.0,0.0,0.0,0.0,0.0,0.0,0.0,0.0,0.0,0.0,0.0,37,067,002200,22,Forsyth County
Census Tract 25.01; Forsyth County; North Carolina,0.0,0.0,0.0,0.0,0.0,0.0,0.0,0.0,0.0,0.0,0.0,0.0,0.0,0.0,0.0,0.0,0.0,37,067,002501,25.01,Forsyth County
Census Tract 25.02; Forsyth County; North Carolina,0.0,0.0,0.0,0.0,0.0,0.0,0.0,0.0,0.0,0.0,0.0,0.0,0.0,0.0,0.0,0.0,0.0,37,067,002502,25.02,Forsyth County
Census Tract 26.01; Forsyth County; North Carolina,0.0,0.0,0.0,0.0,0.0,0.0,0.0,0.0,0.0,0.0,0.0,0.0,0.0,0.0,0.0,0.0,0.0,37,067,002601,26.01,Forsyth County
Census Tract 26.04; Forsyth County; North Carolina,0.0,0.0,0.0,0.0,0.0,0.0,0.0,0.0,0.0,0.0,0.0,0.0,0.0,0.0,0.0,0.0,0.0,37,067,002604,26.04,Forsyth County
Census Tract 26.05; Forsyth County; North Carolina,0.0,0.0,0.0,0.0,0.0,0.0,0.0,0.0,0.0,0.0,0.0,0.0,0.0,0.0,0.0,0.0,0.0,37,067,002605,26.05,Forsyth County
Census Tract 26.06; Forsyth County; North Carolina,0.0,0.0,0.0,0.0,0.0,0.0,0.0,0.0,0.0,0.0,0.0,0.0,0.0,0.0,0.0,0.0,0.0,37,067,002606,26.06,Forsyth County
Census Tract 27.01; Forsyth County; North Carolina,0.0,0.0,0.0,0.0,0.0,0.0,0.0,0.0,0.0,0.0,0.0,0.0,0.0,0.0,0.0,0.0,0.0,37,067,002701,27.01,Forsyth County
Census Tract 27.02; Forsyth County; North Carolina,0.0,0.0,0.0,0.0,0.0,0.0,0.0,0.0,0.0,0.0,0.0,0.0,0.0,0.0,0.0,0.0,0.0,37,067,002702,27.02,Forsyth County
Census Tract 27.04; Forsyth County; North Carolina,0.0,0.0,0.0,0.0,0.0,0.0,0.0,0.0,0.0,0.0,0.0,0.0,0.0,0.0,0.0,0.0,0.0,37,067,002704,27.04,Forsyth County
Census Tract 27.05; Forsyth County; North Carolina,0.0,0.0,0.0,0.0,0.0,0.0,0.0,0.0,0.0,0.0,0.0,0.0,0.0,0.0,0.0,0.0,0.0,37,067,002705,27.05,Forsyth County
Census Tract 28.01; Forsyth County; North Carolina,0.0,0.0,0.0,0.0,0.0,0.0,0.0,0.0,0.0,0.0,0.0,0.0,0.0,0.0,0.0,0.0,0.0,37,067,002801,28.01,Forsyth County
Census Tract 28.04; Forsyth County; North Carolina,0.0,0.0,0.0,0.0,0.0,0.0,0.0,0.0,0.0,0.0,0.0,0.0,0.0,0.0,0.0,0.0,0.0,37,067,002804,28.04,Forsyth County
Census Tract 28.06; Forsyth County; North Carolina,0.0,0.0,0.0,0.0,0.0,0.0,0.0,0.0,0.0,0.0,0.0,0.0,0.0,0.0,0.0,0.0,0.0,37,067,002806,28.06,Forsyth County
Census Tract 28.07; Forsyth County; North Carolina,0.0,0.0,0.0,0.0,0.0,0.0,0.0,0.0,0.0,0.0,0.0,0.0,0.0,0.0,0.0,0.0,0.0,37,067,002807,28.07,Forsyth County
Census Tract 28.08; Forsyth County; North Carolina,9.0,0.0,0.0,0.0,0.0,0.0,0.0,0.0,0.0,9.0,0.0,0.0,9.0,0.0,0.0,0.0,0.0,37,067,002808,28.08,Forsyth County
Census Tract 28.09; Forsyth County; North Carolina,0.0,0.0,0.0,0.0,0.0,0.0,0.0,0.0,0.0,0.0,0.0,0.0,0.0,0.0,0.0,0.0,0.0,37,067,002809,28.09,Forsyth County
Census Tract 29.01; Forsyth County; North Carolina,0.0,0.0,0.0,0.0,0.0,0.0,0.0,0.0,0.0,0.0,0.0,0.0,0.0,0.0,0.0,0.0,0.0,37,067,002901,29.01,Forsyth County
Census Tract 29.03; Forsyth County; North Carolina,0.0,0.0,0.0,0.0,0.0,0.0,0.0,0.0,0.0,0.0,0.0,0.0,0.0,0.0,0.0,0.0,0.0,37,067,002903,29.03,Forsyth County
Census Tract 29.04; Forsyth County; North Carolina,0.0,0.0,0.0,0.0,0.0,0.0,0.0,0.0,0.0,0.0,0.0,0.0,0.0,0.0,0.0,0.0,0.0,37,067,002904,29.04,Forsyth County
Census Tract 30.02; Forsyth County; North Carolina,0.0,0.0,0.0,0.0,0.0,0.0,0.0,0.0,0.0,0.0,0.0,0.0,0.0,0.0,0.0,0.0,0.0,37,067,003002,30.02,Forsyth County
Census Tract 30.03; Forsyth County; North Carolina,0.0,0.0,0.0,0.0,0.0,0.0,0.0,0.0,0.0,0.0,0.0,0.0,0.0,0.0,0.0,0.0,0.0,37,067,003003,30.03,Forsyth County
Census Tract 30.04; Forsyth County; North Carolina,0.0,0.0,0.0,0.0,0.0,0.0,0.0,0.0,0.0,0.0,0.0,0.0,0.0,0.0,0.0,0.0,0.0,37,067,003004,30.04,Forsyth County
Census Tract 31.03; Forsyth County; North Carolina,0.0,0.0,0.0,0.0,0.0,0.0,0.0,0.0,0.0,0.0,0.0,0.0,0.0,0.0,0.0,0.0,0.0,37,067,003103,31.03,Forsyth County
Census Tract 31.05; Forsyth County; North Carolina,0.0,0.0,0.0,0.0,0.0,0.0,0.0,0.0,0.0,0.0,0.0,0.0,0.0,0.0,0.0,0.0,0.0,37,067,003105,31.05,Forsyth County
Census Tract 31.06; Forsyth County; North Carolina,0.0,0.0,0.0,0.0,0.0,0.0,0.0,0.0,0.0,0.0,0.0,0.0,0.0,0.0,0.0,0.0,0.0,37,067,003106,31.06,Forsyth County
Census Tract 31.07; Forsyth County; North Carolina,0.0,0.0,0.0,0.0,0.0,0.0,0.0,0.0,0.0,0.0,0.0,0.0,0.0,0.0,0.0,0.0,0.0,37,067,003107,31.07,Forsyth County
Census Tract 31.08; Forsyth County; North Carolina,0.0,0.0,0.0,0.0,0.0,0.0,0.0,0.0,0.0,0.0,0.0,0.0,0.0,0.0,0.0,0.0,0.0,37,067,003108,31.08,Forsyth County
Census Tract 32.01; Forsyth County; North Carolina,0.0,0.0,0.0,0.0,0.0,0.0,0.0,0.0,0.0,0.0,0.0,0.0,0.0,0.0,0.0,0.0,0.0,37,067,003201,32.01,Forsyth County
Census Tract 32.02; Forsyth County; North Carolina,28.0,28.0,0.0,0.0,0.0,0.0,28.0,0.0,0.0,0.0,0.0,0.0,0.0,0.0,0.0,0.0,0.0,37,067,003202,32.02,Forsyth County
Census Tract 33.07; Forsyth County; North Carolina,37.0,0.0,0.0,0.0,0.0,0.0,0.0,0.0,0.0,37.0,0.0,0.0,0.0,37.0,0.0,0.0,0.0,37,067,003307,33.07,Forsyth County
Census Tract 33.08; Forsyth County; North Carolina,0.0,0.0,0.0,0.0,0.0,0.0,0.0,0.0,0.0,0.0,0.0,0.0,0.0,0.0,0.0,0.0,0.0,37,067,003308,33.08,Forsyth County
Census Tract 33.09; Forsyth County; North Carolina,0.0,0.0,0.0,0.0,0.0,0.0,0.0,0.0,0.0,0.0,0.0,0.0,0.0,0.0,0.0,0.0,0.0,37,067,003309,33.09,Forsyth County
Census Tract 33.10; Forsyth County; North Carolina,0.0,0.0,0.0,0.0,0.0,0.0,0.0,0.0,0.0,0.0,0.0,0.0,0.0,0.0,0.0,0.0,0.0,37,067,003310,33.10,Forsyth County
Census Tract 33.11; Forsyth County; North Carolina,0.0,0.0,0.0,0.0,0.0,0.0,0.0,0.0,0.0,0.0,0.0,0.0,0.0,0.0,0.0,0.0,0.0,37,067,003311,33.11,Forsyth County
Census Tract 33.12; Forsyth County; North Carolina,0.0,0.0,0.0,0.0,0.0,0.0,0.0,0.0,0.0,0.0,0.0,0.0,0.0,0.0,0.0,0.0,0.0,37,067,003312,33.12,Forsyth County
Census Tract 33.13; Forsyth County; North Carolina,0.0,0.0,0.0,0.0,0.0,0.0,0.0,0.0,0.0,0.0,0.0,0.0,0.0,0.0,0.0,0.0,0.0,37,067,003313,33.13,Forsyth County
Census Tract 33.14; Forsyth County; North Carolina,0.0,0.0,0.0,0.0,0.0,0.0,0.0,0.0,0.0,0.0,0.0,0.0,0.0,0.0,0.0,0.0,0.0,37,067,003314,33.14,Forsyth County
Census Tract 33.15; Forsyth County; North Carolina,0.0,0.0,0.0,0.0,0.0,0.0,0.0,0.0,0.0,0.0,0.0,0.0,0.0,0.0,0.0,0.0,0.0,37,067,003315,33.15,Forsyth County
Census Tract 34.02; Forsyth County; North Carolina,0.0,0.0,0.0,0.0,0.0,0.0,0.0,0.0,0.0,0.0,0.0,0.0,0.0,0.0,0.0,0.0,0.0,37,067,003402,34.02,Forsyth County
Census Tract 34.03; Forsyth County; North Carolina,0.0,0.0,0.0,0.0,0.0,0.0,0.0,0.0,0.0,0.0,0.0,0.0,0.0,0.0,0.0,0.0,0.0,37,067,003403,34.03,Forsyth County
Census Tract 34.04; Forsyth County; North Carolina,0.0,0.0,0.0,0.0,0.0,0.0,0.0,0.0,0.0,0.0,0.0,0.0,0.0,0.0,0.0,0.0,0.0,37,067,003404,34.04,Forsyth County
Census Tract 35; Forsyth County; North Carolina,0.0,0.0,0.0,0.0,0.0,0.0,0.0,0.0,0.0,0.0,0.0,0.0,0.0,0.0,0.0,0.0,0.0,37,067,003500,35,Forsyth County
Census Tract 36; Forsyth County; North Carolina,0.0,0.0,0.0,0.0,0.0,0.0,0.0,0.0,0.0,0.0,0.0,0.0,0.0,0.0,0.0,0.0,0.0,37,067,003600,36,Forsyth County
Census Tract 37.01; Forsyth County; North Carolina,0.0,0.0,0.0,0.0,0.0,0.0,0.0,0.0,0.0,0.0,0.0,0.0,0.0,0.0,0.0,0.0,0.0,37,067,003701,37.01,Forsyth County
Census Tract 37.02; Forsyth County; North Carolina,0.0,0.0,0.0,0.0,0.0,0.0,0.0,0.0,0.0,0.0,0.0,0.0,0.0,0.0,0.0,0.0,0.0,37,067,003702,37.02,Forsyth County
Census Tract 37.03; Forsyth County; North Carolina,45.0,0.0,0.0,0.0,0.0,0.0,0.0,0.0,0.0,45.0,0.0,0.0,0.0,45.0,0.0,0.0,0.0,37,067,003703,37.03,Forsyth County
Census Tract 38.03; Forsyth County; North Carolina,68.0,0.0,0.0,0.0,0.0,0.0,0.0,0.0,0.0,68.0,43.0,0.0,0.0,0.0,0.0,0.0,25.0,37,067,003803,38.03,Forsyth County
Census Tract 38.04; Forsyth County; North Carolina,0.0,0.0,0.0,0.0,0.0,0.0,0.0,0.0,0.0,0.0,0.0,0.0,0.0,0.0,0.0,0.0,0.0,37,067,003804,38.04,Forsyth County
Census Tract 38.05; Forsyth County; North Carolina,0.0,0.0,0.0,0.0,0.0,0.0,0.0,0.0,0.0,0.0,0.0,0.0,0.0,0.0,0.0,0.0,0.0,37,067,003805,38.05,Forsyth County
Census Tract 38.06; Forsyth County; North Carolina,0.0,0.0,0.0,0.0,0.0,0.0,0.0,0.0,0.0,0.0,0.0,0.0,0.0,0.0,0.0,0.0,0.0,37,067,003806,38.06,Forsyth County
Census Tract 39.03; Forsyth County; North Carolina,0.0,0.0,0.0,0.0,0.0,0.0,0.0,0.0,0.0,0.0,0.0,0.0,0.0,0.0,0.0,0.0,0.0,37,067,003903,39.03,Forsyth County
Census Tract 39.04; Forsyth County; North Carolina,0.0,0.0,0.0,0.0,0.0,0.0,0.0,0.0,0.0,0.0,0.0,0.0,0.0,0.0,0.0,0.0,0.0,37,067,003904,39.04,Forsyth County
Census Tract 39.05; Forsyth County; North Carolina,0.0,0.0,0.0,0.0,0.0,0.0,0.0,0.0,0.0,0.0,0.0,0.0,0.0,0.0,0.0,0.0,0.0,37,067,003905,39.05,Forsyth County
Census Tract 39.06; Forsyth County; North Carolina,0.0,0.0,0.0,0.0,0.0,0.0,0.0,0.0,0.0,0.0,0.0,0.0,0.0,0.0,0.0,0.0,0.0,37,067,003906,39.06,Forsyth County
Census Tract 39.08; Forsyth County; North Carolina,0.0,0.0,0.0,0.0,0.0,0.0,0.0,0.0,0.0,0.0,0.0,0.0,0.0,0.0,0.0,0.0,0.0,37,067,003908,39.08,Forsyth County
Census Tract 39.09; Forsyth County; North Carolina,0.0,0.0,0.0,0.0,0.0,0.0,0.0,0.0,0.0,0.0,0.0,0.0,0.0,0.0,0.0,0.0,0.0,37,067,003909,39.09,Forsyth County
Census Tract 40.05; Forsyth County; North Carolina,0.0,0.0,0.0,0.0,0.0,0.0,0.0,0.0,0.0,0.0,0.0,0.0,0.0,0.0,0.0,0.0,0.0,37,067,004005,40.05,Forsyth County
Census Tract 40.07; Forsyth County; North Carolina,0.0,0.0,0.0,0.0,0.0,0.0,0.0,0.0,0.0,0.0,0.0,0.0,0.0,0.0,0.0,0.0,0.0,37,067,004007,40.07,Forsyth County
Census Tract 40.09; Forsyth County; North Carolina,0.0,0.0,0.0,0.0,0.0,0.0,0.0,0.0,0.0,0.0,0.0,0.0,0.0,0.0,0.0,0.0,0.0,37,067,004009,40.09,Forsyth County
Census Tract 40.10; Forsyth County; North Carolina,0.0,0.0,0.0,0.0,0.0,0.0,0.0,0.0,0.0,0.0,0.0,0.0,0.0,0.0,0.0,0.0,0.0,37,067,004010,40.10,Forsyth County
Census Tract 40.11; Forsyth County; North Carolina,71.0,0.0,0.0,0.0,0.0,0.0,0.0,0.0,0.0,71.0,0.0,0.0,0.0,0.0,71.0,0.0,0.0,37,067,004011,40.11,Forsyth County
Census Tract 40.12; Forsyth County; North Carolina,0.0,0.0,0.0,0.0,0.0,0.0,0.0,0.0,0.0,0.0,0.0,0.0,0.0,0.0,0.0,0.0,0.0,37,067,004012,40.12,Forsyth County
Census Tract 40.13; Forsyth County; North Carolina,0.0,0.0,0.0,0.0,0.0,0.0,0.0,0.0,0.0,0.0,0.0,0.0,0.0,0.0,0.0,0.0,0.0,37,067,004013,40.13,Forsyth County
Census Tract 40.14; Forsyth County; North Carolina,0.0,0.0,0.0,0.0,0.0,0.0,0.0,0.0,0.0,0.0,0.0,0.0,0.0,0.0,0.0,0.0,0.0,37,067,004014,40.14,Forsyth County
Census Tract 40.15; Forsyth County; North Carolina,0.0,0.0,0.0,0.0,0.0,0.0,0.0,0.0,0.0,0.0,0.0,0.0,0.0,0.0,0.0,0.0,0.0,37,067,004015,40.15,Forsyth County
Census Tract 41.02; Forsyth County; North Carolina,0.0,0.0,0.0,0.0,0.0,0.0,0.0,0.0,0.0,0.0,0.0,0.0,0.0,0.0,0.0,0.0,0.0,37,067,004102,41.02,Forsyth County
Census Tract 41.03; Forsyth County; North Carolina,0.0,0.0,0.0,0.0,0.0,0.0,0.0,0.0,0.0,0.0,0.0,0.0,0.0,0.0,0.0,0.0,0.0,37,067,004103,41.03,Forsyth County
Census Tract 41.04; Forsyth County; North Carolina,0.0,0.0,0.0,0.0,0.0,0.0,0.0,0.0,0.0,0.0,0.0,0.0,0.0,0.0,0.0,0.0,0.0,37,067,004104,41.04,Forsyth County
Census Tract 9301.01; Surry County; North Carolina,0.0,0.0,0.0,0.0,0.0,0.0,0.0,0.0,0.0,0.0,0.0,0.0,0.0,0.0,0.0,0.0,0.0,37,171,930101,9301.01,Surry County
Census Tract 9301.02; Surry County; North Carolina,0.0,0.0,0.0,0.0,0.0,0.0,0.0,0.0,0.0,0.0,0.0,0.0,0.0,0.0,0.0,0.0,0.0,37,171,930102,9301.02,Surry County
Census Tract 9302.01; Surry County; North Carolina,0.0,0.0,0.0,0.0,0.0,0.0,0.0,0.0,0.0,0.0,0.0,0.0,0.0,0.0,0.0,0.0,0.0,37,171,930201,9302.01,Surry County
Census Tract 9302.02; Surry County; North Carolina,0.0,0.0,0.0,0.0,0.0,0.0,0.0,0.0,0.0,0.0,0.0,0.0,0.0,0.0,0.0,0.0,0.0,37,171,930202,9302.02,Surry County
Census Tract 9303.01; Surry County; North Carolina,0.0,0.0,0.0,0.0,0.0,0.0,0.0,0.0,0.0,0.0,0.0,0.0,0.0,0.0,0.0,0.0,0.0,37,171,930301,9303.01,Surry County
Census Tract 9303.02; Surry County; North Carolina,0.0,0.0,0.0,0.0,0.0,0.0,0.0,0.0,0.0,0.0,0.0,0.0,0.0,0.0,0.0,0.0,0.0,37,171,930302,9303.02,Surry County
Census Tract 9304; Surry County; North Carolina,5.0,0.0,0.0,0.0,0.0,0.0,0.0,0.0,0.0,5.0,0.0,0.0,0.0,0.0,5.0,0.0,0.0,37,171,930400,9304,Surry County
Census Tract 9305.01; Surry County; North Carolina,27.0,0.0,0.0,0.0,0.0,0.0,0.0,0.0,0.0,27.0,12.0,0.0,10.0,5.0,0.0,0.0,0.0,37,171,930501,9305.01,Surry County
Census Tract 9305.02; Surry County; North Carolina,0.0,0.0,0.0,0.0,0.0,0.0,0.0,0.0,0.0,0.0,0.0,0.0,0.0,0.0,0.0,0.0,0.0,37,171,930502,9305.02,Surry County
Census Tract 9306; Surry County; North Carolina,0.0,0.0,0.0,0.0,0.0,0.0,0.0,0.0,0.0,0.0,0.0,0.0,0.0,0.0,0.0,0.0,0.0,37,171,930600,9306,Surry County
Census Tract 9307; Surry County; North Carolina,0.0,0.0,0.0,0.0,0.0,0.0,0.0,0.0,0.0,0.0,0.0,0.0,0.0,0.0,0.0,0.0,0.0,37,171,930700,9307,Surry County
Census Tract 9308.02; Surry County; North Carolina,0.0,0.0,0.0,0.0,0.0,0.0,0.0,0.0,0.0,0.0,0.0,0.0,0.0,0.0,0.0,0.0,0.0,37,171,930802,9308.02,Surry County
Census Tract 9308.03; Surry County; North Carolina,0.0,0.0,0.0,0.0,0.0,0.0,0.0,0.0,0.0,0.0,0.0,0.0,0.0,0.0,0.0,0.0,0.0,37,171,930803,9308.03,Surry County
Census Tract 9308.04; Surry County; North Carolina,0.0,0.0,0.0,0.0,0.0,0.0,0.0,0.0,0.0,0.0,0.0,0.0,0.0,0.0,0.0,0.0,0.0,37,171,930804,9308.04,Surry County
Census Tract 9309.01; Surry County; North Carolina,7.0,0.0,0.0,0.0,0.0,0.0,0.0,0.0,0.0,7.0,0.0,0.0,0.0,7.0,0.0,0.0,0.0,37,171,930901,9309.01,Surry County
Census Tract 9309.02; Surry County; North Carolina,0.0,0.0,0.0,0.0,0.0,0.0,0.0,0.0,0.0,0.0,0.0,0.0,0.0,0.0,0.0,0.0,0.0,37,171,930902,9309.02,Surry County
Census Tract 9310.01; Surry County; North Carolina,0.0,0.0,0.0,0.0,0.0,0.0,0.0,0.0,0.0,0.0,0.0,0.0,0.0,0.0,0.0,0.0,0.0,37,171,931001,9310.01,Surry County
Census Tract 9310.02; Surry County; North Carolina,0.0,0.0,0.0,0.0,0.0,0.0,0.0,0.0,0.0,0.0,0.0,0.0,0.0,0.0,0.0,0.0,0.0,37,171,931002,9310.02,Surry County
Census Tract 9310.03; Surry County; North Carolina,0.0,0.0,0.0,0.0,0.0,0.0,0.0,0.0,0.0,0.0,0.0,0.0,0.0,0.0,0.0,0.0,0.0,37,171,931003,9310.03,Surry County
Census Tract 9311.01; Surry County; North Carolina,0.0,0.0,0.0,0.0,0.0,0.0,0.0,0.0,0.0,0.0,0.0,0.0,0.0,0.0,0.0,0.0,0.0,37,171,931101,9311.01,Surry County
Census Tract 9311.02; Surry County; North Carolina,0.0,0.0,0.0,0.0,0.0,0.0,0.0,0.0,0.0,0.0,0.0,0.0,0.0,0.0,0.0,0.0,0.0,37,171,931102,9311.02,Surry County
Census Tract 9311.03; Surry County; North Carolina,0.0,0.0,0.0,0.0,0.0,0.0,0.0,0.0,0.0,0.0,0.0,0.0,0.0,0.0,0.0,0.0,0.0,37,171,931103,9311.03,Surry County
Census Tract 9312; Surry County; North Carolina,0.0,0.0,0.0,0.0,0.0,0.0,0.0,0.0,0.0,0.0,0.0,0.0,0.0,0.0,0.0,0.0,0.0,37,171,931200,9312,Surry County
Census Tract 301; Randolph County; North Carolina,0.0,0.0,0.0,0.0,0.0,0.0,0.0,0.0,0.0,0.0,0.0,0.0,0.0,0.0,0.0,0.0,0.0,37,151,030100,301,Randolph County
Census Tract 302.01; Randolph County; North Carolina,0.0,0.0,0.0,0.0,0.0,0.0,0.0,0.0,0.0,0.0,0.0,0.0,0.0,0.0,0.0,0.0,0.0,37,151,030201,302.01,Randolph County
Census Tract 302.02; Randolph County; North Carolina,0.0,0.0,0.0,0.0,0.0,0.0,0.0,0.0,0.0,0.0,0.0,0.0,0.0,0.0,0.0,0.0,0.0,37,151,030202,302.02,Randolph County
Census Tract 303.01; Randolph County; North Carolina,0.0,0.0,0.0,0.0,0.0,0.0,0.0,0.0,0.0,0.0,0.0,0.0,0.0,0.0,0.0,0.0,0.0,37,151,030301,303.01,Randolph County
Census Tract 303.02; Randolph County; North Carolina,0.0,0.0,0.0,0.0,0.0,0.0,0.0,0.0,0.0,0.0,0.0,0.0,0.0,0.0,0.0,0.0,0.0,37,151,030302,303.02,Randolph County
Census Tract 304; Randolph County; North Carolina,0.0,0.0,0.0,0.0,0.0,0.0,0.0,0.0,0.0,0.0,0.0,0.0,0.0,0.0,0.0,0.0,0.0,37,151,030400,304,Randolph County
Census Tract 305.02; Randolph County; North Carolina,0.0,0.0,0.0,0.0,0.0,0.0,0.0,0.0,0.0,0.0,0.0,0.0,0.0,0.0,0.0,0.0,0.0,37,151,030502,305.02,Randolph County
Census Tract 305.03; Randolph County; North Carolina,0.0,0.0,0.0,0.0,0.0,0.0,0.0,0.0,0.0,0.0,0.0,0.0,0.0,0.0,0.0,0.0,0.0,37,151,030503,305.03,Randolph County
Census Tract 305.04; Randolph County; North Carolina,0.0,0.0,0.0,0.0,0.0,0.0,0.0,0.0,0.0,0.0,0.0,0.0,0.0,0.0,0.0,0.0,0.0,37,151,030504,305.04,Randolph County
Census Tract 306; Randolph County; North Carolina,0.0,0.0,0.0,0.0,0.0,0.0,0.0,0.0,0.0,0.0,0.0,0.0,0.0,0.0,0.0,0.0,0.0,37,151,030600,306,Randolph County
Census Tract 307; Randolph County; North Carolina,0.0,0.0,0.0,0.0,0.0,0.0,0.0,0.0,0.0,0.0,0.0,0.0,0.0,0.0,0.0,0.0,0.0,37,151,030700,307,Randolph County
Census Tract 308.03; Randolph County; North Carolina,0.0,0.0,0.0,0.0,0.0,0.0,0.0,0.0,0.0,0.0,0.0,0.0,0.0,0.0,0.0,0.0,0.0,37,151,030803,308.03,Randolph County
Census Tract 308.04; Randolph County; North Carolina,0.0,0.0,0.0,0.0,0.0,0.0,0.0,0.0,0.0,0.0,0.0,0.0,0.0,0.0,0.0,0.0,0.0,37,151,030804,308.04,Randolph County
Census Tract 308.05; Randolph County; North Carolina,0.0,0.0,0.0,0.0,0.0,0.0,0.0,0.0,0.0,0.0,0.0,0.0,0.0,0.0,0.0,0.0,0.0,37,151,030805,308.05,Randolph County
Census Tract 308.06; Randolph County; North Carolina,0.0,0.0,0.0,0.0,0.0,0.0,0.0,0.0,0.0,0.0,0.0,0.0,0.0,0.0,0.0,0.0,0.0,37,151,030806,308.06,Randolph County
Census Tract 309; Randolph County; North Carolina,0.0,0.0,0.0,0.0,0.0,0.0,0.0,0.0,0.0,0.0,0.0,0.0,0.0,0.0,0.0,0.0,0.0,37,151,030900,309,Randolph County
Census Tract 310.01; Randolph County; North Carolina,0.0,0.0,0.0,0.0,0.0,0.0,0.0,0.0,0.0,0.0,0.0,0.0,0.0,0.0,0.0,0.0,0.0,37,151,031001,310.01,Randolph County
Census Tract 310.02; Randolph County; North Carolina,0.0,0.0,0.0,0.0,0.0,0.0,0.0,0.0,0.0,0.0,0.0,0.0,0.0,0.0,0.0,0.0,0.0,37,151,031002,310.02,Randolph County
Census Tract 311.01; Randolph County; North Carolina,8.0,8.0,0.0,0.0,0.0,8.0,0.0,0.0,0.0,0.0,0.0,0.0,0.0,0.0,0.0,0.0,0.0,37,151,031101,311.01,Randolph County
Census Tract 311.02; Randolph County; North Carolina,0.0,0.0,0.0,0.0,0.0,0.0,0.0,0.0,0.0,0.0,0.0,0.0,0.0,0.0,0.0,0.0,0.0,37,151,031102,311.02,Randolph County
Census Tract 312; Randolph County; North Carolina,0.0,0.0,0.0,0.0,0.0,0.0,0.0,0.0,0.0,0.0,0.0,0.0,0.0,0.0,0.0,0.0,0.0,37,151,031200,312,Randolph County
Census Tract 313.03; Randolph County; North Carolina,0.0,0.0,0.0,0.0,0.0,0.0,0.0,0.0,0.0,0.0,0.0,0.0,0.0,0.0,0.0,0.0,0.0,37,151,031303,313.03,Randolph County
Census Tract 313.04; Randolph County; North Carolina,0.0,0.0,0.0,0.0,0.0,0.0,0.0,0.0,0.0,0.0,0.0,0.0,0.0,0.0,0.0,0.0,0.0,37,151,031304,313.04,Randolph County
Census Tract 313.05; Randolph County; North Carolina,0.0,0.0,0.0,0.0,0.0,0.0,0.0,0.0,0.0,0.0,0.0,0.0,0.0,0.0,0.0,0.0,0.0,37,151,031305,313.05,Randolph County
Census Tract 313.07; Randolph County; North Carolina,0.0,0.0,0.0,0.0,0.0,0.0,0.0,0.0,0.0,0.0,0.0,0.0,0.0,0.0,0.0,0.0,0.0,37,151,031307,313.07,Randolph County
Census Tract 313.08; Randolph County; North Carolina,0.0,0.0,0.0,0.0,0.0,0.0,0.0,0.0,0.0,0.0,0.0,0.0,0.0,0.0,0.0,0.0,0.0,37,151,031308,313.08,Randolph County
Census Tract 314.01; Randolph County; North Carolina,0.0,0.0,0.0,0.0,0.0,0.0,0.0,0.0,0.0,0.0,0.0,0.0,0.0,0.0,0.0,0.0,0.0,37,151,031401,314.01,Randolph County
Census Tract 314.02; Randolph County; North Carolina,0.0,0.0,0.0,0.0,0.0,0.0,0.0,0.0,0.0,0.0,0.0,0.0,0.0,0.0,0.0,0.0,0.0,37,151,031402,314.02,Randolph County
Census Tract 315.01; Randolph County; North Carolina,0.0,0.0,0.0,0.0,0.0,0.0,0.0,0.0,0.0,0.0,0.0,0.0,0.0,0.0,0.0,0.0,0.0,37,151,031501,315.01,Randolph County
Census Tract 315.03; Randolph County; North Carolina,0.0,0.0,0.0,0.0,0.0,0.0,0.0,0.0,0.0,0.0,0.0,0.0,0.0,0.0,0.0,0.0,0.0,37,151,031503,315.03,Randolph County
Census Tract 315.04; Randolph County; North Carolina,0.0,0.0,0.0,0.0,0.0,0.0,0.0,0.0,0.0,0.0,0.0,0.0,0.0,0.0,0.0,0.0,0.0,37,151,031504,315.04,Randolph County
Census Tract 315.05; Randolph County; North Carolina,0.0,0.0,0.0,0.0,0.0,0.0,0.0,0.0,0.0,0.0,0.0,0.0,0.0,0.0,0.0,0.0,0.0,37,151,031505,315.05,Randolph County
Census Tract 316.01; Randolph County; North Carolina,0.0,0.0,0.0,0.0,0.0,0.0,0.0,0.0,0.0,0.0,0.0,0.0,0.0,0.0,0.0,0.0,0.0,37,151,031601,316.01,Randolph County
Census Tract 316.02; Randolph County; North Carolina,0.0,0.0,0.0,0.0,0.0,0.0,0.0,0.0,0.0,0.0,0.0,0.0,0.0,0.0,0.0,0.0,0.0,37,151,031602,316.02,Randolph County
Census Tract 601.01; Davidson County; North Carolina,0.0,0.0,0.0,0.0,0.0,0.0,0.0,0.0,0.0,0.0,0.0,0.0,0.0,0.0,0.0,0.0,0.0,37,057,060101,601.01,Davidson County
Census Tract 601.03; Davidson County; North Carolina,0.0,0.0,0.0,0.0,0.0,0.0,0.0,0.0,0.0,0.0,0.0,0.0,0.0,0.0,0.0,0.0,0.0,37,057,060103,601.03,Davidson County
Census Tract 601.04; Davidson County; North Carolina,0.0,0.0,0.0,0.0,0.0,0.0,0.0,0.0,0.0,0.0,0.0,0.0,0.0,0.0,0.0,0.0,0.0,37,057,060104,601.04,Davidson County
Census Tract 602.01; Davidson County; North Carolina,0.0,0.0,0.0,0.0,0.0,0.0,0.0,0.0,0.0,0.0,0.0,0.0,0.0,0.0,0.0,0.0,0.0,37,057,060201,602.01,Davidson County
Census Tract 602.02; Davidson County; North Carolina,0.0,0.0,0.0,0.0,0.0,0.0,0.0,0.0,0.0,0.0,0.0,0.0,0.0,0.0,0.0,0.0,0.0,37,057,060202,602.02,Davidson County
Census Tract 602.03; Davidson County; North Carolina,0.0,0.0,0.0,0.0,0.0,0.0,0.0,0.0,0.0,0.0,0.0,0.0,0.0,0.0,0.0,0.0,0.0,37,057,060203,602.03,Davidson County
Census Tract 603.01; Davidson County; North Carolina,0.0,0.0,0.0,0.0,0.0,0.0,0.0,0.0,0.0,0.0,0.0,0.0,0.0,0.0,0.0,0.0,0.0,37,057,060301,603.01,Davidson County
Census Tract 603.02; Davidson County; North Carolina,0.0,0.0,0.0,0.0,0.0,0.0,0.0,0.0,0.0,0.0,0.0,0.0,0.0,0.0,0.0,0.0,0.0,37,057,060302,603.02,Davidson County
Census Tract 603.03; Davidson County; North Carolina,0.0,0.0,0.0,0.0,0.0,0.0,0.0,0.0,0.0,0.0,0.0,0.0,0.0,0.0,0.0,0.0,0.0,37,057,060303,603.03,Davidson County
Census Tract 603.04; Davidson County; North Carolina,0.0,0.0,0.0,0.0,0.0,0.0,0.0,0.0,0.0,0.0,0.0,0.0,0.0,0.0,0.0,0.0,0.0,37,057,060304,603.04,Davidson County
Census Tract 604; Davidson County; North Carolina,0.0,0.0,0.0,0.0,0.0,0.0,0.0,0.0,0.0,0.0,0.0,0.0,0.0,0.0,0.0,0.0,0.0,37,057,060400,604,Davidson County
Census Tract 605; Davidson County; North Carolina,0.0,0.0,0.0,0.0,0.0,0.0,0.0,0.0,0.0,0.0,0.0,0.0,0.0,0.0,0.0,0.0,0.0,37,057,060500,605,Davidson County
Census Tract 606.01; Davidson County; North Carolina,0.0,0.0,0.0,0.0,0.0,0.0,0.0,0.0,0.0,0.0,0.0,0.0,0.0,0.0,0.0,0.0,0.0,37,057,060601,606.01,Davidson County
Census Tract 606.02; Davidson County; North Carolina,0.0,0.0,0.0,0.0,0.0,0.0,0.0,0.0,0.0,0.0,0.0,0.0,0.0,0.0,0.0,0.0,0.0,37,057,060602,606.02,Davidson County
Census Tract 607; Davidson County; North Carolina,0.0,0.0,0.0,0.0,0.0,0.0,0.0,0.0,0.0,0.0,0.0,0.0,0.0,0.0,0.0,0.0,0.0,37,057,060700,607,Davidson County
Census Tract 608; Davidson County; North Carolina,0.0,0.0,0.0,0.0,0.0,0.0,0.0,0.0,0.0,0.0,0.0,0.0,0.0,0.0,0.0,0.0,0.0,37,057,060800,608,Davidson County
Census Tract 609; Davidson County; North Carolina,0.0,0.0,0.0,0.0,0.0,0.0,0.0,0.0,0.0,0.0,0.0,0.0,0.0,0.0,0.0,0.0,0.0,37,057,060900,609,Davidson County
Census Tract 610; Davidson County; North Carolina,0.0,0.0,0.0,0.0,0.0,0.0,0.0,0.0,0.0,0.0,0.0,0.0,0.0,0.0,0.0,0.0,0.0,37,057,061000,610,Davidson County
Census Tract 611.01; Davidson County; North Carolina,0.0,0.0,0.0,0.0,0.0,0.0,0.0,0.0,0.0,0.0,0.0,0.0,0.0,0.0,0.0,0.0,0.0,37,057,061101,611.01,Davidson County
Census Tract 611.02; Davidson County; North Carolina,0.0,0.0,0.0,0.0,0.0,0.0,0.0,0.0,0.0,0.0,0.0,0.0,0.0,0.0,0.0,0.0,0.0,37,057,061102,611.02,Davidson County
Census Tract 612.02; Davidson County; North Carolina,0.0,0.0,0.0,0.0,0.0,0.0,0.0,0.0,0.0,0.0,0.0,0.0,0.0,0.0,0.0,0.0,0.0,37,057,061202,612.02,Davidson County
Census Tract 612.03; Davidson County; North Carolina,0.0,0.0,0.0,0.0,0.0,0.0,0.0,0.0,0.0,0.0,0.0,0.0,0.0,0.0,0.0,0.0,0.0,37,057,061203,612.03,Davidson County
Census Tract 612.04; Davidson County; North Carolina,0.0,0.0,0.0,0.0,0.0,0.0,0.0,0.0,0.0,0.0,0.0,0.0,0.0,0.0,0.0,0.0,0.0,37,057,061204,612.04,Davidson County
Census Tract 613; Davidson County; North Carolina,0.0,0.0,0.0,0.0,0.0,0.0,0.0,0.0,0.0,0.0,0.0,0.0,0.0,0.0,0.0,0.0,0.0,37,057,061300,613,Davidson County
Census Tract 614; Davidson County; North Carolina,0.0,0.0,0.0,0.0,0.0,0.0,0.0,0.0,0.0,0.0,0.0,0.0,0.0,0.0,0.0,0.0,0.0,37,057,061400,614,Davidson County
Census Tract 615.01; Davidson County; North Carolina,0.0,0.0,0.0,0.0,0.0,0.0,0.0,0.0,0.0,0.0,0.0,0.0,0.0,0.0,0.0,0.0,0.0,37,057,061501,615.01,Davidson County
Census Tract 615.02; Davidson County; North Carolina,0.0,0.0,0.0,0.0,0.0,0.0,0.0,0.0,0.0,0.0,0.0,0.0,0.0,0.0,0.0,0.0,0.0,37,057,061502,615.02,Davidson County
Census Tract 616; Davidson County; North Carolina,0.0,0.0,0.0,0.0,0.0,0.0,0.0,0.0,0.0,0.0,0.0,0.0,0.0,0.0,0.0,0.0,0.0,37,057,061600,616,Davidson County
Census Tract 617.01; Davidson County; North Carolina,0.0,0.0,0.0,0.0,0.0,0.0,0.0,0.0,0.0,0.0,0.0,0.0,0.0,0.0,0.0,0.0,0.0,37,057,061701,617.01,Davidson County
Census Tract 617.03; Davidson County; North Carolina,0.0,0.0,0.0,0.0,0.0,0.0,0.0,0.0,0.0,0.0,0.0,0.0,0.0,0.0,0.0,0.0,0.0,37,057,061703,617.03,Davidson County
Census Tract 617.04; Davidson County; North Carolina,0.0,0.0,0.0,0.0,0.0,0.0,0.0,0.0,0.0,0.0,0.0,0.0,0.0,0.0,0.0,0.0,0.0,37,057,061704,617.04,Davidson County
Census Tract 617.05; Davidson County; North Carolina,0.0,0.0,0.0,0.0,0.0,0.0,0.0,0.0,0.0,0.0,0.0,0.0,0.0,0.0,0.0,0.0,0.0,37,057,061705,617.05,Davidson County
Census Tract 618.03; Davidson County; North Carolina,0.0,0.0,0.0,0.0,0.0,0.0,0.0,0.0,0.0,0.0,0.0,0.0,0.0,0.0,0.0,0.0,0.0,37,057,061803,618.03,Davidson County
Census Tract 618.05; Davidson County; North Carolina,0.0,0.0,0.0,0.0,0.0,0.0,0.0,0.0,0.0,0.0,0.0,0.0,0.0,0.0,0.0,0.0,0.0,37,057,061805,618.05,Davidson County
Census Tract 618.06; Davidson County; North Carolina,0.0,0.0,0.0,0.0,0.0,0.0,0.0,0.0,0.0,0.0,0.0,0.0,0.0,0.0,0.0,0.0,0.0,37,057,061806,618.06,Davidson County
Census Tract 618.07; Davidson County; North Carolina,0.0,0.0,0.0,0.0,0.0,0.0,0.0,0.0,0.0,0.0,0.0,0.0,0.0,0.0,0.0,0.0,0.0,37,057,061807,618.07,Davidson County
Census Tract 618.08; Davidson County; North Carolina,0.0,0.0,0.0,0.0,0.0,0.0,0.0,0.0,0.0,0.0,0.0,0.0,0.0,0.0,0.0,0.0,0.0,37,057,061808,618.08,Davidson County
Census Tract 619.02; Davidson County; North Carolina,0.0,0.0,0.0,0.0,0.0,0.0,0.0,0.0,0.0,0.0,0.0,0.0,0.0,0.0,0.0,0.0,0.0,37,057,061902,619.02,Davidson County
Census Tract 619.03; Davidson County; North Carolina,0.0,0.0,0.0,0.0,0.0,0.0,0.0,0.0,0.0,0.0,0.0,0.0,0.0,0.0,0.0,0.0,0.0,37,057,061903,619.03,Davidson County
Census Tract 619.04; Davidson County; North Carolina,0.0,0.0,0.0,0.0,0.0,0.0,0.0,0.0,0.0,0.0,0.0,0.0,0.0,0.0,0.0,0.0,0.0,37,057,061904,619.04,Davidson County
Census Tract 620.01; Davidson County; North Carolina,0.0,0.0,0.0,0.0,0.0,0.0,0.0,0.0,0.0,0.0,0.0,0.0,0.0,0.0,0.0,0.0,0.0,37,057,062001,620.01,Davidson County
Census Tract 620.02; Davidson County; North Carolina,0.0,0.0,0.0,0.0,0.0,0.0,0.0,0.0,0.0,0.0,0.0,0.0,0.0,0.0,0.0,0.0,0.0,37,057,062002,620.02,Davidson County
Census Tract 201; Alamance County; North Carolina,0.0,0.0,0.0,0.0,0.0,0.0,0.0,0.0,0.0,0.0,0.0,0.0,0.0,0.0,0.0,0.0,0.0,37,001,020100,201,Alamance County
Census Tract 202; Alamance County; North Carolina,0.0,0.0,0.0,0.0,0.0,0.0,0.0,0.0,0.0,0.0,0.0,0.0,0.0,0.0,0.0,0.0,0.0,37,001,020200,202,Alamance County
Census Tract 203.01; Alamance County; North Carolina,0.0,0.0,0.0,0.0,0.0,0.0,0.0,0.0,0.0,0.0,0.0,0.0,0.0,0.0,0.0,0.0,0.0,37,001,020301,203.01,Alamance County
Census Tract 203.02; Alamance County; North Carolina,0.0,0.0,0.0,0.0,0.0,0.0,0.0,0.0,0.0,0.0,0.0,0.0,0.0,0.0,0.0,0.0,0.0,37,001,020302,203.02,Alamance County
Census Tract 204; Alamance County; North Carolina,0.0,0.0,0.0,0.0,0.0,0.0,0.0,0.0,0.0,0.0,0.0,0.0,0.0,0.0,0.0,0.0,0.0,37,001,020400,204,Alamance County
Census Tract 205.01; Alamance County; North Carolina,0.0,0.0,0.0,0.0,0.0,0.0,0.0,0.0,0.0,0.0,0.0,0.0,0.0,0.0,0.0,0.0,0.0,37,001,020501,205.01,Alamance County
Census Tract 205.02; Alamance County; North Carolina,0.0,0.0,0.0,0.0,0.0,0.0,0.0,0.0,0.0,0.0,0.0,0.0,0.0,0.0,0.0,0.0,0.0,37,001,020502,205.02,Alamance County
Census Tract 206.01; Alamance County; North Carolina,0.0,0.0,0.0,0.0,0.0,0.0,0.0,0.0,0.0,0.0,0.0,0.0,0.0,0.0,0.0,0.0,0.0,37,001,020601,206.01,Alamance County
Census Tract 206.02; Alamance County; North Carolina,0.0,0.0,0.0,0.0,0.0,0.0,0.0,0.0,0.0,0.0,0.0,0.0,0.0,0.0,0.0,0.0,0.0,37,001,020602,206.02,Alamance County
Census Tract 207.01; Alamance County; North Carolina,0.0,0.0,0.0,0.0,0.0,0.0,0.0,0.0,0.0,0.0,0.0,0.0,0.0,0.0,0.0,0.0,0.0,37,001,020701,207.01,Alamance County
Census Tract 207.02; Alamance County; North Carolina,0.0,0.0,0.0,0.0,0.0,0.0,0.0,0.0,0.0,0.0,0.0,0.0,0.0,0.0,0.0,0.0,0.0,37,001,020702,207.02,Alamance County
Census Tract 208.01; Alamance County; North Carolina,0.0,0.0,0.0,0.0,0.0,0.0,0.0,0.0,0.0,0.0,0.0,0.0,0.0,0.0,0.0,0.0,0.0,37,001,020801,208.01,Alamance County
Census Tract 208.02; Alamance County; North Carolina,0.0,0.0,0.0,0.0,0.0,0.0,0.0,0.0,0.0,0.0,0.0,0.0,0.0,0.0,0.0,0.0,0.0,37,001,020802,208.02,Alamance County
Census Tract 209.01; Alamance County; North Carolina,12.0,0.0,0.0,0.0,0.0,0.0,0.0,0.0,0.0,12.0,0.0,0.0,0.0,12.0,0.0,0.0,0.0,37,001,020901,209.01,Alamance County
Census Tract 209.02; Alamance County; North Carolina,0.0,0.0,0.0,0.0,0.0,0.0,0.0,0.0,0.0,0.0,0.0,0.0,0.0,0.0,0.0,0.0,0.0,37,001,020902,209.02,Alamance County
Census Tract 210; Alamance County; North Carolina,0.0,0.0,0.0,0.0,0.0,0.0,0.0,0.0,0.0,0.0,0.0,0.0,0.0,0.0,0.0,0.0,0.0,37,001,021000,210,Alamance County
Census Tract 211.01; Alamance County; North Carolina,0.0,0.0,0.0,0.0,0.0,0.0,0.0,0.0,0.0,0.0,0.0,0.0,0.0,0.0,0.0,0.0,0.0,37,001,021101,211.01,Alamance County
Census Tract 211.02; Alamance County; North Carolina,0.0,0.0,0.0,0.0,0.0,0.0,0.0,0.0,0.0,0.0,0.0,0.0,0.0,0.0,0.0,0.0,0.0,37,001,021102,211.02,Alamance County
Census Tract 212.01; Alamance County; North Carolina,0.0,0.0,0.0,0.0,0.0,0.0,0.0,0.0,0.0,0.0,0.0,0.0,0.0,0.0,0.0,0.0,0.0,37,001,021201,212.01,Alamance County
Census Tract 212.04; Alamance County; North Carolina,0.0,0.0,0.0,0.0,0.0,0.0,0.0,0.0,0.0,0.0,0.0,0.0,0.0,0.0,0.0,0.0,0.0,37,001,021204,212.04,Alamance County
Census Tract 212.05; Alamance County; North Carolina,0.0,0.0,0.0,0.0,0.0,0.0,0.0,0.0,0.0,0.0,0.0,0.0,0.0,0.0,0.0,0.0,0.0,37,001,021205,212.05,Alamance County
Census Tract 212.06; Alamance County; North Carolina,0.0,0.0,0.0,0.0,0.0,0.0,0.0,0.0,0.0,0.0,0.0,0.0,0.0,0.0,0.0,0.0,0.0,37,001,021206,212.06,Alamance County
Census Tract 212.07; Alamance County; North Carolina,0.0,0.0,0.0,0.0,0.0,0.0,0.0,0.0,0.0,0.0,0.0,0.0,0.0,0.0,0.0,0.0,0.0,37,001,021207,212.07,Alamance County
Census Tract 213; Alamance County; North Carolina,0.0,0.0,0.0,0.0,0.0,0.0,0.0,0.0,0.0,0.0,0.0,0.0,0.0,0.0,0.0,0.0,0.0,37,001,021300,213,Alamance County
Census Tract 214; Alamance County; North Carolina,0.0,0.0,0.0,0.0,0.0,0.0,0.0,0.0,0.0,0.0,0.0,0.0,0.0,0.0,0.0,0.0,0.0,37,001,021400,214,Alamance County
Census Tract 215; Alamance County; North Carolina,0.0,0.0,0.0,0.0,0.0,0.0,0.0,0.0,0.0,0.0,0.0,0.0,0.0,0.0,0.0,0.0,0.0,37,001,021500,215,Alamance County
Census Tract 216; Alamance County; North Carolina,0.0,0.0,0.0,0.0,0.0,0.0,0.0,0.0,0.0,0.0,0.0,0.0,0.0,0.0,0.0,0.0,0.0,37,001,021600,216,Alamance County
Census Tract 217.01; Alamance County; North Carolina,0.0,0.0,0.0,0.0,0.0,0.0,0.0,0.0,0.0,0.0,0.0,0.0,0.0,0.0,0.0,0.0,0.0,37,001,021701,217.01,Alamance County
Census Tract 217.02; Alamance County; North Carolina,0.0,0.0,0.0,0.0,0.0,0.0,0.0,0.0,0.0,0.0,0.0,0.0,0.0,0.0,0.0,0.0,0.0,37,001,021702,217.02,Alamance County
Census Tract 217.03; Alamance County; North Carolina,0.0,0.0,0.0,0.0,0.0,0.0,0.0,0.0,0.0,0.0,0.0,0.0,0.0,0.0,0.0,0.0,0.0,37,001,021703,217.03,Alamance County
Census Tract 218.01; Alamance County; North Carolina,0.0,0.0,0.0,0.0,0.0,0.0,0.0,0.0,0.0,0.0,0.0,0.0,0.0,0.0,0.0,0.0,0.0,37,001,021801,218.01,Alamance County
Census Tract 218.02; Alamance County; North Carolina,0.0,0.0,0.0,0.0,0.0,0.0,0.0,0.0,0.0,0.0,0.0,0.0,0.0,0.0,0.0,0.0,0.0,37,001,021802,218.02,Alamance County
Census Tract 218.03; Alamance County; North Carolina,0.0,0.0,0.0,0.0,0.0,0.0,0.0,0.0,0.0,0.0,0.0,0.0,0.0,0.0,0.0,0.0,0.0,37,001,021803,218.03,Alamance County
Census Tract 219.01; Alamance County; North Carolina,0.0,0.0,0.0,0.0,0.0,0.0,0.0,0.0,0.0,0.0,0.0,0.0,0.0,0.0,0.0,0.0,0.0,37,001,021901,219.01,Alamance County
Census Tract 219.02; Alamance County; North Carolina,0.0,0.0,0.0,0.0,0.0,0.0,0.0,0.0,0.0,0.0,0.0,0.0,0.0,0.0,0.0,0.0,0.0,37,001,021902,219.02,Alamance County
Census Tract 220.01; Alamance County; North Carolina,0.0,0.0,0.0,0.0,0.0,0.0,0.0,0.0,0.0,0.0,0.0,0.0,0.0,0.0,0.0,0.0,0.0,37,001,022001,220.01,Alamance County
Census Tract 220.02; Alamance County; North Carolina,39.0,39.0,0.0,14.0,6.0,19.0,0.0,0.0,0.0,0.0,0.0,0.0,0.0,0.0,0.0,0.0,0.0,37,001,022002,220.02,Alamance County
Census Tract 401.01; Rockingham County; North Carolina,0.0,0.0,0.0,0.0,0.0,0.0,0.0,0.0,0.0,0.0,0.0,0.0,0.0,0.0,0.0,0.0,0.0,37,157,040101,401.01,Rockingham County
Census Tract 401.02; Rockingham County; North Carolina,0.0,0.0,0.0,0.0,0.0,0.0,0.0,0.0,0.0,0.0,0.0,0.0,0.0,0.0,0.0,0.0,0.0,37,157,040102,401.02,Rockingham County
Census Tract 402; Rockingham County; North Carolina,0.0,0.0,0.0,0.0,0.0,0.0,0.0,0.0,0.0,0.0,0.0,0.0,0.0,0.0,0.0,0.0,0.0,37,157,040200,402,Rockingham County
Census Tract 403; Rockingham County; North Carolina,12.0,0.0,0.0,0.0,0.0,0.0,0.0,0.0,0.0,12.0,0.0,6.0,0.0,6.0,0.0,0.0,0.0,37,157,040300,403,Rockingham County
Census Tract 404; Rockingham County; North Carolina,55.0,0.0,0.0,0.0,0.0,0.0,0.0,0.0,0.0,55.0,0.0,55.0,0.0,0.0,0.0,0.0,0.0,37,157,040400,404,Rockingham County
Census Tract 405.01; Rockingham County; North Carolina,0.0,0.0,0.0,0.0,0.0,0.0,0.0,0.0,0.0,0.0,0.0,0.0,0.0,0.0,0.0,0.0,0.0,37,157,040501,405.01,Rockingham County
Census Tract 405.02; Rockingham County; North Carolina,0.0,0.0,0.0,0.0,0.0,0.0,0.0,0.0,0.0,0.0,0.0,0.0,0.0,0.0,0.0,0.0,0.0,37,157,040502,405.02,Rockingham County
Census Tract 406.01; Rockingham County; North Carolina,0.0,0.0,0.0,0.0,0.0,0.0,0.0,0.0,0.0,0.0,0.0,0.0,0.0,0.0,0.0,0.0,0.0,37,157,040601,406.01,Rockingham County
Census Tract 406.02; Rockingham County; North Carolina,0.0,0.0,0.0,0.0,0.0,0.0,0.0,0.0,0.0,0.0,0.0,0.0,0.0,0.0,0.0,0.0,0.0,37,157,040602,406.02,Rockingham County
Census Tract 407; Rockingham County; North Carolina,1.0,1.0,0.0,0.0,0.0,1.0,0.0,0.0,0.0,0.0,0.0,0.0,0.0,0.0,0.0,0.0,0.0,37,157,040700,407,Rockingham County
Census Tract 408; Rockingham County; North Carolina,0.0,0.0,0.0,0.0,0.0,0.0,0.0,0.0,0.0,0.0,0.0,0.0,0.0,0.0,0.0,0.0,0.0,37,157,040800,408,Rockingham County
Census Tract 409; Rockingham County; North Carolina,0.0,0.0,0.0,0.0,0.0,0.0,0.0,0.0,0.0,0.0,0.0,0.0,0.0,0.0,0.0,0.0,0.0,37,157,040900,409,Rockingham County
Census Tract 410.01; Rockingham County; North Carolina,0.0,0.0,0.0,0.0,0.0,0.0,0.0,0.0,0.0,0.0,0.0,0.0,0.0,0.0,0.0,0.0,0.0,37,157,041001,410.01,Rockingham County
Census Tract 410.02; Rockingham County; North Carolina,0.0,0.0,0.0,0.0,0.0,0.0,0.0,0.0,0.0,0.0,0.0,0.0,0.0,0.0,0.0,0.0,0.0,37,157,041002,410.02,Rockingham County
Census Tract 411; Rockingham County; North Carolina,3.0,0.0,0.0,0.0,0.0,0.0,0.0,0.0,0.0,3.0,0.0,0.0,0.0,0.0,3.0,0.0,0.0,37,157,041100,411,Rockingham County
Census Tract 412; Rockingham County; North Carolina,67.0,67.0,0.0,0.0,0.0,67.0,0.0,0.0,0.0,0.0,0.0,0.0,0.0,0.0,0.0,0.0,0.0,37,157,041200,412,Rockingham County
Census Tract 413; Rockingham County; North Carolina,0.0,0.0,0.0,0.0,0.0,0.0,0.0,0.0,0.0,0.0,0.0,0.0,0.0,0.0,0.0,0.0,0.0,37,157,041300,413,Rockingham County
Census Tract 414; Rockingham County; North Carolina,0.0,0.0,0.0,0.0,0.0,0.0,0.0,0.0,0.0,0.0,0.0,0.0,0.0,0.0,0.0,0.0,0.0,37,157,041400,414,Rockingham County
Census Tract 415.01; Rockingham County; North Carolina,0.0,0.0,0.0,0.0,0.0,0.0,0.0,0.0,0.0,0.0,0.0,0.0,0.0,0.0,0.0,0.0,0.0,37,157,041501,415.01,Rockingham County
Census Tract 415.02; Rockingham County; North Carolina,0.0,0.0,0.0,0.0,0.0,0.0,0.0,0.0,0.0,0.0,0.0,0.0,0.0,0.0,0.0,0.0,0.0,37,157,041502,415.02,Rockingham County
Census Tract 416.01; Rockingham County; North Carolina,0.0,0.0,0.0,0.0,0.0,0.0,0.0,0.0,0.0,0.0,0.0,0.0,0.0,0.0,0.0,0.0,0.0,37,157,041601,416.01,Rockingham County
Census Tract 416.02; Rockingham County; North Carolina,0.0,0.0,0.0,0.0,0.0,0.0,0.0,0.0,0.0,0.0,0.0,0.0,0.0,0.0,0.0,0.0,0.0,37,157,041602,416.02,Rockingham County
Census Tract 801.01; Davie County; North Carolina,0.0,0.0,0.0,0.0,0.0,0.0,0.0,0.0,0.0,0.0,0.0,0.0,0.0,0.0,0.0,0.0,0.0,37,059,080101,801.01,Davie County
Census Tract 801.02; Davie County; North Carolina,0.0,0.0,0.0,0.0,0.0,0.0,0.0,0.0,0.0,0.0,0.0,0.0,0.0,0.0,0.0,0.0,0.0,37,059,080102,801.02,Davie County
Census Tract 802; Davie County; North Carolina,0.0,0.0,0.0,0.0,0.0,0.0,0.0,0.0,0.0,0.0,0.0,0.0,0.0,0.0,0.0,0.0,0.0,37,059,080200,802,Davie County
Census Tract 803.01; Davie County; North Carolina,0.0,0.0,0.0,0.0,0.0,0.0,0.0,0.0,0.0,0.0,0.0,0.0,0.0,0.0,0.0,0.0,0.0,37,059,080301,803.01,Davie County
Census Tract 803.02; Davie County; North Carolina,0.0,0.0,0.0,0.0,0.0,0.0,0.0,0.0,0.0,0.0,0.0,0.0,0.0,0.0,0.0,0.0,0.0,37,059,080302,803.02,Davie County
Census Tract 804; Davie County; North Carolina,0.0,0.0,0.0,0.0,0.0,0.0,0.0,0.0,0.0,0.0,0.0,0.0,0.0,0.0,0.0,0.0,0.0,37,059,080400,804,Davie County
Census Tract 805; Davie County; North Carolina,0.0,0.0,0.0,0.0,0.0,0.0,0.0,0.0,0.0,0.0,0.0,0.0,0.0,0.0,0.0,0.0,0.0,37,059,080500,805,Davie County
Census Tract 806; Davie County; North Carolina,0.0,0.0,0.0,0.0,0.0,0.0,0.0,0.0,0.0,0.0,0.0,0.0,0.0,0.0,0.0,0.0,0.0,37,059,080600,806,Davie County
Census Tract 807.01; Davie County; North Carolina,0.0,0.0,0.0,0.0,0.0,0.0,0.0,0.0,0.0,0.0,0.0,0.0,0.0,0.0,0.0,0.0,0.0,37,059,080701,807.01,Davie County
Census Tract 807.02; Davie County; North Carolina,0.0,0.0,0.0,0.0,0.0,0.0,0.0,0.0,0.0,0.0,0.0,0.0,0.0,0.0,0.0,0.0,0.0,37,059,080702,807.02,Davie County
Census Tract 9201; Watauga County; North Carolina,0.0,0.0,0.0,0.0,0.0,0.0,0.0,0.0,0.0,0.0,0.0,0.0,0.0,0.0,0.0,0.0,0.0,37,189,920100,9201,Watauga County
Census Tract 9202; Watauga County; North Carolina,0.0,0.0,0.0,0.0,0.0,0.0,0.0,0.0,0.0,0.0,0.0,0.0,0.0,0.0,0.0,0.0,0.0,37,189,920200,9202,Watauga County
Census Tract 9203; Watauga County; North Carolina,0.0,0.0,0.0,0.0,0.0,0.0,0.0,0.0,0.0,0.0,0.0,0.0,0.0,0.0,0.0,0.0,0.0,37,189,920300,9203,Watauga County
Census Tract 9204; Watauga County; North Carolina,0.0,0.0,0.0,0.0,0.0,0.0,0.0,0.0,0.0,0.0,0.0,0.0,0.0,0.0,0.0,0.0,0.0,37,189,920400,9204,Watauga County
Census Tract 9205; Watauga County; North Carolina,0.0,0.0,0.0,0.0,0.0,0.0,0.0,0.0,0.0,0.0,0.0,0.0,0.0,0.0,0.0,0.0,0.0,37,189,920500,9205,Watauga County
Census Tract 9206.01; Watauga County; North Carolina,0.0,0.0,0.0,0.0,0.0,0.0,0.0,0.0,0.0,0.0,0.0,0.0,0.0,0.0,0.0,0.0,0.0,37,189,920601,9206.01,Watauga County
Census Tract 9206.02; Watauga County; North Carolina,0.0,0.0,0.0,0.0,0.0,0.0,0.0,0.0,0.0,0.0,0.0,0.0,0.0,0.0,0.0,0.0,0.0,37,189,920602,9206.02,Watauga County
Census Tract 9207.01; Watauga County; North Carolina,0.0,0.0,0.0,0.0,0.0,0.0,0.0,0.0,0.0,0.0,0.0,0.0,0.0,0.0,0.0,0.0,0.0,37,189,920701,9207.01,Watauga County
Census Tract 9207.02; Watauga County; North Carolina,0.0,0.0,0.0,0.0,0.0,0.0,0.0,0.0,0.0,0.0,0.0,0.0,0.0,0.0,0.0,0.0,0.0,37,189,920702,9207.02,Watauga County
Census Tract 9207.03; Watauga County; North Carolina,0.0,0.0,0.0,0.0,0.0,0.0,0.0,0.0,0.0,0.0,0.0,0.0,0.0,0.0,0.0,0.0,0.0,37,189,920703,9207.03,Watauga County
Census Tract 9208; Watauga County; North Carolina,0.0,0.0,0.0,0.0,0.0,0.0,0.0,0.0,0.0,0.0,0.0,0.0,0.0,0.0,0.0,0.0,0.0,37,189,920800,9208,Watauga County
Census Tract 9209; Watauga County; North Carolina,0.0,0.0,0.0,0.0,0.0,0.0,0.0,0.0,0.0,0.0,0.0,0.0,0.0,0.0,0.0,0.0,0.0,37,189,920900,9209,Watauga County
Census Tract 9210; Watauga County; North Carolina,0.0,0.0,0.0,0.0,0.0,0.0,0.0,0.0,0.0,0.0,0.0,0.0,0.0,0.0,0.0,0.0,0.0,37,189,921000,9210,Watauga County
Census Tract 9601.01; Wilkes County; North Carolina,0.0,0.0,0.0,0.0,0.0,0.0,0.0,0.0,0.0,0.0,0.0,0.0,0.0,0.0,0.0,0.0,0.0,37,193,960101,9601.01,Wilkes County
Census Tract 9601.02; Wilkes County; North Carolina,0.0,0.0,0.0,0.0,0.0,0.0,0.0,0.0,0.0,0.0,0.0,0.0,0.0,0.0,0.0,0.0,0.0,37,193,960102,9601.02,Wilkes County
Census Tract 9602; Wilkes County; North Carolina,0.0,0.0,0.0,0.0,0.0,0.0,0.0,0.0,0.0,0.0,0.0,0.0,0.0,0.0,0.0,0.0,0.0,37,193,960200,9602,Wilkes County
Census Tract 9603; Wilkes County; North Carolina,0.0,0.0,0.0,0.0,0.0,0.0,0.0,0.0,0.0,0.0,0.0,0.0,0.0,0.0,0.0,0.0,0.0,37,193,960300,9603,Wilkes County
Census Tract 9604.01; Wilkes County; North Carolina,0.0,0.0,0.0,0.0,0.0,0.0,0.0,0.0,0.0,0.0,0.0,0.0,0.0,0.0,0.0,0.0,0.0,37,193,960401,9604.01,Wilkes County
Census Tract 9604.02; Wilkes County; North Carolina,0.0,0.0,0.0,0.0,0.0,0.0,0.0,0.0,0.0,0.0,0.0,0.0,0.0,0.0,0.0,0.0,0.0,37,193,960402,9604.02,Wilkes County
Census Tract 9605; Wilkes County; North Carolina,0.0,0.0,0.0,0.0,0.0,0.0,0.0,0.0,0.0,0.0,0.0,0.0,0.0,0.0,0.0,0.0,0.0,37,193,960500,9605,Wilkes County
Census Tract 9606; Wilkes County; North Carolina,0.0,0.0,0.0,0.0,0.0,0.0,0.0,0.0,0.0,0.0,0.0,0.0,0.0,0.0,0.0,0.0,0.0,37,193,960600,9606,Wilkes County
Census Tract 9607; Wilkes County; North Carolina,0.0,0.0,0.0,0.0,0.0,0.0,0.0,0.0,0.0,0.0,0.0,0.0,0.0,0.0,0.0,0.0,0.0,37,193,960700,9607,Wilkes County
Census Tract 9608.01; Wilkes County; North Carolina,39.0,0.0,0.0,0.0,0.0,0.0,0.0,0.0,0.0,39.0,0.0,0.0,0.0,39.0,0.0,0.0,0.0,37,193,960801,9608.01,Wilkes County
Census Tract 9608.02; Wilkes County; North Carolina,0.0,0.0,0.0,0.0,0.0,0.0,0.0,0.0,0.0,0.0,0.0,0.0,0.0,0.0,0.0,0.0,0.0,37,193,960802,9608.02,Wilkes County
Census Tract 9609.01; Wilkes County; North Carolina,0.0,0.0,0.0,0.0,0.0,0.0,0.0,0.0,0.0,0.0,0.0,0.0,0.0,0.0,0.0,0.0,0.0,37,193,960901,9609.01,Wilkes County
Census Tract 9609.02; Wilkes County; North Carolina,0.0,0.0,0.0,0.0,0.0,0.0,0.0,0.0,0.0,0.0,0.0,0.0,0.0,0.0,0.0,0.0,0.0,37,193,960902,9609.02,Wilkes County
Census Tract 9610.01; Wilkes County; North Carolina,40.0,40.0,0.0,0.0,0.0,40.0,0.0,0.0,0.0,0.0,0.0,0.0,0.0,0.0,0.0,0.0,0.0,37,193,961001,9610.01,Wilkes County
Census Tract 9610.02; Wilkes County; North Carolina,0.0,0.0,0.0,0.0,0.0,0.0,0.0,0.0,0.0,0.0,0.0,0.0,0.0,0.0,0.0,0.0,0.0,37,193,961002,9610.02,Wilkes County
Census Tract 9611; Wilkes County; North Carolina,0.0,0.0,0.0,0.0,0.0,0.0,0.0,0.0,0.0,0.0,0.0,0.0,0.0,0.0,0.0,0.0,0.0,37,193,961100,9611,Wilkes County
Census Tract 9612.01; Wilkes County; North Carolina,0.0,0.0,0.0,0.0,0.0,0.0,0.0,0.0,0.0,0.0,0.0,0.0,0.0,0.0,0.0,0.0,0.0,37,193,961201,9612.01,Wilkes County
Census Tract 9612.02; Wilkes County; North Carolina,0.0,0.0,0.0,0.0,0.0,0.0,0.0,0.0,0.0,0.0,0.0,0.0,0.0,0.0,0.0,0.0,0.0,37,193,961202,9612.02,Wilkes County
Census Tract 501.01; Yadkin County; North Carolina,0.0,0.0,0.0,0.0,0.0,0.0,0.0,0.0,0.0,0.0,0.0,0.0,0.0,0.0,0.0,0.0,0.0,37,197,050101,501.01,Yadkin County
Census Tract 501.02; Yadkin County; North Carolina,0.0,0.0,0.0,0.0,0.0,0.0,0.0,0.0,0.0,0.0,0.0,0.0,0.0,0.0,0.0,0.0,0.0,37,197,050102,501.02,Yadkin County
Census Tract 502; Yadkin County; North Carolina,0.0,0.0,0.0,0.0,0.0,0.0,0.0,0.0,0.0,0.0,0.0,0.0,0.0,0.0,0.0,0.0,0.0,37,197,050200,502,Yadkin County
Census Tract 503; Yadkin County; North Carolina,0.0,0.0,0.0,0.0,0.0,0.0,0.0,0.0,0.0,0.0,0.0,0.0,0.0,0.0,0.0,0.0,0.0,37,197,050300,503,Yadkin County
Census Tract 504.01; Yadkin County; North Carolina,0.0,0.0,0.0,0.0,0.0,0.0,0.0,0.0,0.0,0.0,0.0,0.0,0.0,0.0,0.0,0.0,0.0,37,197,050401,504.01,Yadkin County
Census Tract 504.02; Yadkin County; North Carolina,0.0,0.0,0.0,0.0,0.0,0.0,0.0,0.0,0.0,0.0,0.0,0.0,0.0,0.0,0.0,0.0,0.0,37,197,050402,504.02,Yadkin County
Census Tract 505.02; Yadkin County; North Carolina,0.0,0.0,0.0,0.0,0.0,0.0,0.0,0.0,0.0,0.0,0.0,0.0,0.0,0.0,0.0,0.0,0.0,37,197,050502,505.02,Yadkin County
Census Tract 505.03; Yadkin County; North Carolina,0.0,0.0,0.0,0.0,0.0,0.0,0.0,0.0,0.0,0.0,0.0,0.0,0.0,0.0,0.0,0.0,0.0,37,197,050503,505.03,Yadkin County
Census Tract 505.04; Yadkin County; North Carolina,0.0,0.0,0.0,0.0,0.0,0.0,0.0,0.0,0.0,0.0,0.0,0.0,0.0,0.0,0.0,0.0,0.0,37,197,050504,505.04,Yadkin County
Census Tract 9702; Ashe County; North Carolina,0.0,0.0,0.0,0.0,0.0,0.0,0.0,0.0,0.0,0.0,0.0,0.0,0.0,0.0,0.0,0.0,0.0,37,009,970200,9702,Ashe County
Census Tract 9703; Ashe County; North Carolina,0.0,0.0,0.0,0.0,0.0,0.0,0.0,0.0,0.0,0.0,0.0,0.0,0.0,0.0,0.0,0.0,0.0,37,009,970300,9703,Ashe County
Census Tract 9704; Ashe County; North Carolina,0.0,0.0,0.0,0.0,0.0,0.0,0.0,0.0,0.0,0.0,0.0,0.0,0.0,0.0,0.0,0.0,0.0,37,009,970400,9704,Ashe County
Census Tract 9705.01; Ashe County; North Carolina,0.0,0.0,0.0,0.0,0.0,0.0,0.0,0.0,0.0,0.0,0.0,0.0,0.0,0.0,0.0,0.0,0.0,37,009,970501,9705.01,Ashe County
Census Tract 9705.02; Ashe County; North Carolina,0.0,0.0,0.0,0.0,0.0,0.0,0.0,0.0,0.0,0.0,0.0,0.0,0.0,0.0,0.0,0.0,0.0,37,009,970502,9705.02,Ashe County
Census Tract 9707.01; Ashe County; North Carolina,0.0,0.0,0.0,0.0,0.0,0.0,0.0,0.0,0.0,0.0,0.0,0.0,0.0,0.0,0.0,0.0,0.0,37,009,970701,9707.01,Ashe County
Census Tract 9707.02; Ashe County; North Carolina,0.0,0.0,0.0,0.0,0.0,0.0,0.0,0.0,0.0,0.0,0.0,0.0,0.0,0.0,0.0,0.0,0.0,37,009,970702,9707.02,Ashe County
Census Tract 9708.01; Ashe County; North Carolina,0.0,0.0,0.0,0.0,0.0,0.0,0.0,0.0,0.0,0.0,0.0,0.0,0.0,0.0,0.0,0.0,0.0,37,009,970801,9708.01,Ashe County
Census Tract 9708.02; Ashe County; North Carolina,0.0,0.0,0.0,0.0,0.0,0.0,0.0,0.0,0.0,0.0,0.0,0.0,0.0,0.0,0.0,0.0,0.0,37,009,970802,9708.02,Ashe County
Census Tract 9301; Avery County; North Carolina,21.0,21.0,21.0,0.0,0.0,0.0,0.0,0.0,0.0,0.0,0.0,0.0,0.0,0.0,0.0,0.0,0.0,37,011,930100,9301,Avery County
Census Tract 9302; Avery County; North Carolina,0.0,0.0,0.0,0.0,0.0,0.0,0.0,0.0,0.0,0.0,0.0,0.0,0.0,0.0,0.0,0.0,0.0,37,011,930200,9302,Avery County
Census Tract 9303.01; Avery County; North Carolina,0.0,0.0,0.0,0.0,0.0,0.0,0.0,0.0,0.0,0.0,0.0,0.0,0.0,0.0,0.0,0.0,0.0,37,011,930301,9303.01,Avery County
Census Tract 9303.02; Avery County; North Carolina,0.0,0.0,0.0,0.0,0.0,0.0,0.0,0.0,0.0,0.0,0.0,0.0,0.0,0.0,0.0,0.0,0.0,37,011,930302,9303.02,Avery County
Census Tract 9304; Avery County; North Carolina,0.0,0.0,0.0,0.0,0.0,0.0,0.0,0.0,0.0,0.0,0.0,0.0,0.0,0.0,0.0,0.0,0.0,37,011,930400,9304,Avery County
Census Tract 201; Burke County; North Carolina,0.0,0.0,0.0,0.0,0.0,0.0,0.0,0.0,0.0,0.0,0.0,0.0,0.0,0.0,0.0,0.0,0.0,37,023,020100,201,Burke County
Census Tract 202.02; Burke County; North Carolina,0.0,0.0,0.0,0.0,0.0,0.0,0.0,0.0,0.0,0.0,0.0,0.0,0.0,0.0,0.0,0.0,0.0,37,023,020202,202.02,Burke County
Census Tract 202.03; Burke County; North Carolina,0.0,0.0,0.0,0.0,0.0,0.0,0.0,0.0,0.0,0.0,0.0,0.0,0.0,0.0,0.0,0.0,0.0,37,023,020203,202.03,Burke County
Census Tract 202.04; Burke County; North Carolina,0.0,0.0,0.0,0.0,0.0,0.0,0.0,0.0,0.0,0.0,0.0,0.0,0.0,0.0,0.0,0.0,0.0,37,023,020204,202.04,Burke County
Census Tract 203.01; Burke County; North Carolina,0.0,0.0,0.0,0.0,0.0,0.0,0.0,0.0,0.0,0.0,0.0,0.0,0.0,0.0,0.0,0.0,0.0,37,023,020301,203.01,Burke County
Census Tract 203.03; Burke County; North Carolina,0.0,0.0,0.0,0.0,0.0,0.0,0.0,0.0,0.0,0.0,0.0,0.0,0.0,0.0,0.0,0.0,0.0,37,023,020303,203.03,Burke County
Census Tract 203.04; Burke County; North Carolina,0.0,0.0,0.0,0.0,0.0,0.0,0.0,0.0,0.0,0.0,0.0,0.0,0.0,0.0,0.0,0.0,0.0,37,023,020304,203.04,Burke County
Census Tract 205; Burke County; North Carolina,0.0,0.0,0.0,0.0,0.0,0.0,0.0,0.0,0.0,0.0,0.0,0.0,0.0,0.0,0.0,0.0,0.0,37,023,020500,205,Burke County
Census Tract 206; Burke County; North Carolina,0.0,0.0,0.0,0.0,0.0,0.0,0.0,0.0,0.0,0.0,0.0,0.0,0.0,0.0,0.0,0.0,0.0,37,023,020600,206,Burke County
Census Tract 208.01; Burke County; North Carolina,0.0,0.0,0.0,0.0,0.0,0.0,0.0,0.0,0.0,0.0,0.0,0.0,0.0,0.0,0.0,0.0,0.0,37,023,020801,208.01,Burke County
Census Tract 208.02; Burke County; North Carolina,0.0,0.0,0.0,0.0,0.0,0.0,0.0,0.0,0.0,0.0,0.0,0.0,0.0,0.0,0.0,0.0,0.0,37,023,020802,208.02,Burke County
Census Tract 209.01; Burke County; North Carolina,0.0,0.0,0.0,0.0,0.0,0.0,0.0,0.0,0.0,0.0,0.0,0.0,0.0,0.0,0.0,0.0,0.0,37,023,020901,209.01,Burke County
Census Tract 209.02; Burke County; North Carolina,0.0,0.0,0.0,0.0,0.0,0.0,0.0,0.0,0.0,0.0,0.0,0.0,0.0,0.0,0.0,0.0,0.0,37,023,020902,209.02,Burke County
Census Tract 210; Burke County; North Carolina,0.0,0.0,0.0,0.0,0.0,0.0,0.0,0.0,0.0,0.0,0.0,0.0,0.0,0.0,0.0,0.0,0.0,37,023,021000,210,Burke County
Census Tract 211; Burke County; North Carolina,0.0,0.0,0.0,0.0,0.0,0.0,0.0,0.0,0.0,0.0,0.0,0.0,0.0,0.0,0.0,0.0,0.0,37,023,021100,211,Burke County
Census Tract 212.01; Burke County; North Carolina,0.0,0.0,0.0,0.0,0.0,0.0,0.0,0.0,0.0,0.0,0.0,0.0,0.0,0.0,0.0,0.0,0.0,37,023,021201,212.01,Burke County
Census Tract 212.02; Burke County; North Carolina,0.0,0.0,0.0,0.0,0.0,0.0,0.0,0.0,0.0,0.0,0.0,0.0,0.0,0.0,0.0,0.0,0.0,37,023,021202,212.02,Burke County
Census Tract 212.03; Burke County; North Carolina,0.0,0.0,0.0,0.0,0.0,0.0,0.0,0.0,0.0,0.0,0.0,0.0,0.0,0.0,0.0,0.0,0.0,37,023,021203,212.03,Burke County
Census Tract 213.01; Burke County; North Carolina,32.0,32.0,0.0,0.0,0.0,32.0,0.0,0.0,0.0,0.0,0.0,0.0,0.0,0.0,0.0,0.0,0.0,37,023,021301,213.01,Burke County
Census Tract 213.02; Burke County; North Carolina,0.0,0.0,0.0,0.0,0.0,0.0,0.0,0.0,0.0,0.0,0.0,0.0,0.0,0.0,0.0,0.0,0.0,37,023,021302,213.02,Burke County
Census Tract 214; Burke County; North Carolina,0.0,0.0,0.0,0.0,0.0,0.0,0.0,0.0,0.0,0.0,0.0,0.0,0.0,0.0,0.0,0.0,0.0,37,023,021400,214,Burke County
Census Tract 9301; Caswell County; North Carolina,0.0,0.0,0.0,0.0,0.0,0.0,0.0,0.0,0.0,0.0,0.0,0.0,0.0,0.0,0.0,0.0,0.0,37,033,930100,9301,Caswell County
Census Tract 9302; Caswell County; North Carolina,0.0,0.0,0.0,0.0,0.0,0.0,0.0,0.0,0.0,0.0,0.0,0.0,0.0,0.0,0.0,0.0,0.0,37,033,930200,9302,Caswell County
Census Tract 9303; Caswell County; North Carolina,0.0,0.0,0.0,0.0,0.0,0.0,0.0,0.0,0.0,0.0,0.0,0.0,0.0,0.0,0.0,0.0,0.0,37,033,930300,9303,Caswell County
Census Tract 9304; Caswell County; North Carolina,0.0,0.0,0.0,0.0,0.0,0.0,0.0,0.0,0.0,0.0,0.0,0.0,0.0,0.0,0.0,0.0,0.0,37,033,930400,9304,Caswell County
Census Tract 9305; Caswell County; North Carolina,0.0,0.0,0.0,0.0,0.0,0.0,0.0,0.0,0.0,0.0,0.0,0.0,0.0,0.0,0.0,0.0,0.0,37,033,930500,9305,Caswell County
Census Tract 9306; Caswell County; North Carolina,0.0,0.0,0.0,0.0,0.0,0.0,0.0,0.0,0.0,0.0,0.0,0.0,0.0,0.0,0.0,0.0,0.0,37,033,930600,9306,Caswell County
Census Tract 701.01; Stokes County; North Carolina,0.0,0.0,0.0,0.0,0.0,0.0,0.0,0.0,0.0,0.0,0.0,0.0,0.0,0.0,0.0,0.0,0.0,37,169,070101,701.01,Stokes County
Census Tract 701.02; Stokes County; North Carolina,0.0,0.0,0.0,0.0,0.0,0.0,0.0,0.0,0.0,0.0,0.0,0.0,0.0,0.0,0.0,0.0,0.0,37,169,070102,701.02,Stokes County
Census Tract 702; Stokes County; North Carolina,0.0,0.0,0.0,0.0,0.0,0.0,0.0,0.0,0.0,0.0,0.0,0.0,0.0,0.0,0.0,0.0,0.0,37,169,070200,702,Stokes County
Census Tract 703.01; Stokes County; North Carolina,0.0,0.0,0.0,0.0,0.0,0.0,0.0,0.0,0.0,0.0,0.0,0.0,0.0,0.0,0.0,0.0,0.0,37,169,070301,703.01,Stokes County
Census Tract 703.02; Stokes County; North Carolina,0.0,0.0,0.0,0.0,0.0,0.0,0.0,0.0,0.0,0.0,0.0,0.0,0.0,0.0,0.0,0.0,0.0,37,169,070302,703.02,Stokes County
Census Tract 704; Stokes County; North Carolina,0.0,0.0,0.0,0.0,0.0,0.0,0.0,0.0,0.0,0.0,0.0,0.0,0.0,0.0,0.0,0.0,0.0,37,169,070400,704,Stokes County
Census Tract 705.03; Stokes County; North Carolina,0.0,0.0,0.0,0.0,0.0,0.0,0.0,0.0,0.0,0.0,0.0,0.0,0.0,0.0,0.0,0.0,0.0,37,169,070503,705.03,Stokes County
Census Tract 705.04; Stokes County; North Carolina,0.0,0.0,0.0,0.0,0.0,0.0,0.0,0.0,0.0,0.0,0.0,0.0,0.0,0.0,0.0,0.0,0.0,37,169,070504,705.04,Stokes County
Census Tract 705.05; Stokes County; North Carolina,0.0,0.0,0.0,0.0,0.0,0.0,0.0,0.0,0.0,0.0,0.0,0.0,0.0,0.0,0.0,0.0,0.0,37,169,070505,705.05,Stokes County
Census Tract 705.06; Stokes County; North Carolina,0.0,0.0,0.0,0.0,0.0,0.0,0.0,0.0,0.0,0.0,0.0,0.0,0.0,0.0,0.0,0.0,0.0,37,169,070506,705.06,Stokes County
Census Tract 706; Stokes County; North Carolina,0.0,0.0,0.0,0.0,0.0,0.0,0.0,0.0,0.0,0.0,0.0,0.0,0.0,0.0,0.0,0.0,0.0,37,169,070600,706,Stokes County
Census Tract 707.01; Stokes County; North Carolina,0.0,0.0,0.0,0.0,0.0,0.0,0.0,0.0,0.0,0.0,0.0,0.0,0.0,0.0,0.0,0.0,0.0,37,169,070701,707.01,Stokes County
Census Tract 707.02; Stokes County; North Carolina,0.0,0.0,0.0,0.0,0.0,0.0,0.0,0.0,0.0,0.0,0.0,0.0,0.0,0.0,0.0,0.0,0.0,37,169,070702,707.02,Stokes County
Census Tract 9501; Alleghany County; North Carolina,0.0,0.0,0.0,0.0,0.0,0.0,0.0,0.0,0.0,0.0,0.0,0.0,0.0,0.0,0.0,0.0,0.0,37,005,950100,9501,Alleghany County
Census Tract 9502; Alleghany County; North Carolina,0.0,0.0,0.0,0.0,0.0,0.0,0.0,0.0,0.0,0.0,0.0,0.0,0.0,0.0,0.0,0.0,0.0,37,005,950200,9502,Alleghany County
Census Tract 9503; Alleghany County; North Carolina,0.0,0.0,0.0,0.0,0.0,0.0,0.0,0.0,0.0,0.0,0.0,0.0,0.0,0.0,0.0,0.0,0.0,37,005,950300,9503,Alleghany County
Census Tract 201.03; Chatham County; North Carolina,0.0,0.0,0.0,0.0,0.0,0.0,0.0,0.0,0.0,0.0,0.0,0.0,0.0,0.0,0.0,0.0,0.0,37,037,020103,201.03,Chatham County
Census Tract 201.04; Chatham County; North Carolina,0.0,0.0,0.0,0.0,0.0,0.0,0.0,0.0,0.0,0.0,0.0,0.0,0.0,0.0,0.0,0.0,0.0,37,037,020104,201.04,Chatham County
Census Tract 201.05; Chatham County; North Carolina,0.0,0.0,0.0,0.0,0.0,0.0,0.0,0.0,0.0,0.0,0.0,0.0,0.0,0.0,0.0,0.0,0.0,37,037,020105,201.05,Chatham County
Census Tract 201.07; Chatham County; North Carolina,0.0,0.0,0.0,0.0,0.0,0.0,0.0,0.0,0.0,0.0,0.0,0.0,0.0,0.0,0.0,0.0,0.0,37,037,020107,201.07,Chatham County
Census Tract 201.08; Chatham County; North Carolina,0.0,0.0,0.0,0.0,0.0,0.0,0.0,0.0,0.0,0.0,0.0,0.0,0.0,0.0,0.0,0.0,0.0,37,037,020108,201.08,Chatham County
Census Tract 202.01; Chatham County; North Carolina,0.0,0.0,0.0,0.0,0.0,0.0,0.0,0.0,0.0,0.0,0.0,0.0,0.0,0.0,0.0,0.0,0.0,37,037,020201,202.01,Chatham County
Census Tract 202.02; Chatham County; North Carolina,0.0,0.0,0.0,0.0,0.0,0.0,0.0,0.0,0.0,0.0,0.0,0.0,0.0,0.0,0.0,0.0,0.0,37,037,020202,202.02,Chatham County
Census Tract 202.03; Chatham County; North Carolina,0.0,0.0,0.0,0.0,0.0,0.0,0.0,0.0,0.0,0.0,0.0,0.0,0.0,0.0,0.0,0.0,0.0,37,037,020203,202.03,Chatham County
Census Tract 203; Chatham County; North Carolina,0.0,0.0,0.0,0.0,0.0,0.0,0.0,0.0,0.0,0.0,0.0,0.0,0.0,0.0,0.0,0.0,0.0,37,037,020300,203,Chatham County
Census Tract 204.01; Chatham County; North Carolina,0.0,0.0,0.0,0.0,0.0,0.0,0.0,0.0,0.0,0.0,0.0,0.0,0.0,0.0,0.0,0.0,0.0,37,037,020401,204.01,Chatham County
Census Tract 204.02; Chatham County; North Carolina,0.0,0.0,0.0,0.0,0.0,0.0,0.0,0.0,0.0,0.0,0.0,0.0,0.0,0.0,0.0,0.0,0.0,37,037,020402,204.02,Chatham County
Census Tract 205; Chatham County; North Carolina,0.0,0.0,0.0,0.0,0.0,0.0,0.0,0.0,0.0,0.0,0.0,0.0,0.0,0.0,0.0,0.0,0.0,37,037,020500,205,Chatham County
Census Tract 206; Chatham County; North Carolina,0.0,0.0,0.0,0.0,0.0,0.0,0.0,0.0,0.0,0.0,0.0,0.0,0.0,0.0,0.0,0.0,0.0,37,037,020600,206,Chatham County
Census Tract 207.02; Chatham County; North Carolina,0.0,0.0,0.0,0.0,0.0,0.0,0.0,0.0,0.0,0.0,0.0,0.0,0.0,0.0,0.0,0.0,0.0,37,037,020702,207.02,Chatham County
Census Tract 207.03; Chatham County; North Carolina,0.0,0.0,0.0,0.0,0.0,0.0,0.0,0.0,0.0,0.0,0.0,0.0,0.0,0.0,0.0,0.0,0.0,37,037,020703,207.03,Chatham County
Census Tract 207.04; Chatham County; North Carolina,0.0,0.0,0.0,0.0,0.0,0.0,0.0,0.0,0.0,0.0,0.0,0.0,0.0,0.0,0.0,0.0,0.0,37,037,020704,207.04,Chatham County
Census Tract 208.01; Chatham County; North Carolina,0.0,0.0,0.0,0.0,0.0,0.0,0.0,0.0,0.0,0.0,0.0,0.0,0.0,0.0,0.0,0.0,0.0,37,037,020801,208.01,Chatham County
Census Tract 208.02; Chatham County; North Carolina,0.0,0.0,0.0,0.0,0.0,0.0,0.0,0.0,0.0,0.0,0.0,0.0,0.0,0.0,0.0,0.0,0.0,37,037,020802,208.02,Chatham County
Census Tract 208.03; Chatham County; North Carolina,0.0,0.0,0.0,0.0,0.0,0.0,0.0,0.0,0.0,0.0,0.0,0.0,0.0,0.0,0.0,0.0,0.0,37,037,020803,208.03,Chatham County
Census Tract 401; Alexander County; North Carolina,0.0,0.0,0.0,0.0,0.0,0.0,0.0,0.0,0.0,0.0,0.0,0.0,0.0,0.0,0.0,0.0,0.0,37,003,040100,401,Alexander County
Census Tract 402; Alexander County; North Carolina,0.0,0.0,0.0,0.0,0.0,0.0,0.0,0.0,0.0,0.0,0.0,0.0,0.0,0.0,0.0,0.0,0.0,37,003,040200,402,Alexander County
Census Tract 403; Alexander County; North Carolina,0.0,0.0,0.0,0.0,0.0,0.0,0.0,0.0,0.0,0.0,0.0,0.0,0.0,0.0,0.0,0.0,0.0,37,003,040300,403,Alexander County
Census Tract 404; Alexander County; North Carolina,0.0,0.0,0.0,0.0,0.0,0.0,0.0,0.0,0.0,0.0,0.0,0.0,0.0,0.0,0.0,0.0,0.0,37,003,040400,404,Alexander County
Census Tract 405; Alexander County; North Carolina,0.0,0.0,0.0,0.0,0.0,0.0,0.0,0.0,0.0,0.0,0.0,0.0,0.0,0.0,0.0,0.0,0.0,37,003,040500,405,Alexander County
Census Tract 406; Alexander County; North Carolina,0.0,0.0,0.0,0.0,0.0,0.0,0.0,0.0,0.0,0.0,0.0,0.0,0.0,0.0,0.0,0.0,0.0,37,003,040600,406,Alexander County
Census Tract 407; Alexander County; North Carolina,0.0,0.0,0.0,0.0,0.0,0.0,0.0,0.0,0.0,0.0,0.0,0.0,0.0,0.0,0.0,0.0,0.0,37,003,040700,407,Alexander County
Census Tract 601; Iredell County; North Carolina,0.0,0.0,0.0,0.0,0.0,0.0,0.0,0.0,0.0,0.0,0.0,0.0,0.0,0.0,0.0,0.0,0.0,37,097,060100,601,Iredell County
Census Tract 602; Iredell County; North Carolina,0.0,0.0,0.0,0.0,0.0,0.0,0.0,0.0,0.0,0.0,0.0,0.0,0.0,0.0,0.0,0.0,0.0,37,097,060200,602,Iredell County
Census Tract 603; Iredell County; North Carolina,0.0,0.0,0.0,0.0,0.0,0.0,0.0,0.0,0.0,0.0,0.0,0.0,0.0,0.0,0.0,0.0,0.0,37,097,060300,603,Iredell County
Census Tract 604; Iredell County; North Carolina,0.0,0.0,0.0,0.0,0.0,0.0,0.0,0.0,0.0,0.0,0.0,0.0,0.0,0.0,0.0,0.0,0.0,37,097,060400,604,Iredell County
Census Tract 605; Iredell County; North Carolina,0.0,0.0,0.0,0.0,0.0,0.0,0.0,0.0,0.0,0.0,0.0,0.0,0.0,0.0,0.0,0.0,0.0,37,097,060500,605,Iredell County
Census Tract 606.01; Iredell County; North Carolina,0.0,0.0,0.0,0.0,0.0,0.0,0.0,0.0,0.0,0.0,0.0,0.0,0.0,0.0,0.0,0.0,0.0,37,097,060601,606.01,Iredell County
Census Tract 606.02; Iredell County; North Carolina,0.0,0.0,0.0,0.0,0.0,0.0,0.0,0.0,0.0,0.0,0.0,0.0,0.0,0.0,0.0,0.0,0.0,37,097,060602,606.02,Iredell County
Census Tract 606.03; Iredell County; North Carolina,0.0,0.0,0.0,0.0,0.0,0.0,0.0,0.0,0.0,0.0,0.0,0.0,0.0,0.0,0.0,0.0,0.0,37,097,060603,606.03,Iredell County
Census Tract 607.01; Iredell County; North Carolina,0.0,0.0,0.0,0.0,0.0,0.0,0.0,0.0,0.0,0.0,0.0,0.0,0.0,0.0,0.0,0.0,0.0,37,097,060701,607.01,Iredell County
Census Tract 607.02; Iredell County; North Carolina,0.0,0.0,0.0,0.0,0.0,0.0,0.0,0.0,0.0,0.0,0.0,0.0,0.0,0.0,0.0,0.0,0.0,37,097,060702,607.02,Iredell County
Census Tract 607.03; Iredell County; North Carolina,0.0,0.0,0.0,0.0,0.0,0.0,0.0,0.0,0.0,0.0,0.0,0.0,0.0,0.0,0.0,0.0,0.0,37,097,060703,607.03,Iredell County
Census Tract 608.01; Iredell County; North Carolina,0.0,0.0,0.0,0.0,0.0,0.0,0.0,0.0,0.0,0.0,0.0,0.0,0.0,0.0,0.0,0.0,0.0,37,097,060801,608.01,Iredell County
Census Tract 608.02; Iredell County; North Carolina,0.0,0.0,0.0,0.0,0.0,0.0,0.0,0.0,0.0,0.0,0.0,0.0,0.0,0.0,0.0,0.0,0.0,37,097,060802,608.02,Iredell County
Census Tract 609.01; Iredell County; North Carolina,0.0,0.0,0.0,0.0,0.0,0.0,0.0,0.0,0.0,0.0,0.0,0.0,0.0,0.0,0.0,0.0,0.0,37,097,060901,609.01,Iredell County
Census Tract 609.02; Iredell County; North Carolina,0.0,0.0,0.0,0.0,0.0,0.0,0.0,0.0,0.0,0.0,0.0,0.0,0.0,0.0,0.0,0.0,0.0,37,097,060902,609.02,Iredell County
Census Tract 610.01; Iredell County; North Carolina,0.0,0.0,0.0,0.0,0.0,0.0,0.0,0.0,0.0,0.0,0.0,0.0,0.0,0.0,0.0,0.0,0.0,37,097,061001,610.01,Iredell County
Census Tract 610.02; Iredell County; North Carolina,0.0,0.0,0.0,0.0,0.0,0.0,0.0,0.0,0.0,0.0,0.0,0.0,0.0,0.0,0.0,0.0,0.0,37,097,061002,610.02,Iredell County
Census Tract 610.03; Iredell County; North Carolina,0.0,0.0,0.0,0.0,0.0,0.0,0.0,0.0,0.0,0.0,0.0,0.0,0.0,0.0,0.0,0.0,0.0,37,097,061003,610.03,Iredell County
Census Tract 611.01; Iredell County; North Carolina,0.0,0.0,0.0,0.0,0.0,0.0,0.0,0.0,0.0,0.0,0.0,0.0,0.0,0.0,0.0,0.0,0.0,37,097,061101,611.01,Iredell County
Census Tract 611.02; Iredell County; North Carolina,0.0,0.0,0.0,0.0,0.0,0.0,0.0,0.0,0.0,0.0,0.0,0.0,0.0,0.0,0.0,0.0,0.0,37,097,061102,611.02,Iredell County
Census Tract 611.03; Iredell County; North Carolina,0.0,0.0,0.0,0.0,0.0,0.0,0.0,0.0,0.0,0.0,0.0,0.0,0.0,0.0,0.0,0.0,0.0,37,097,061103,611.03,Iredell County
Census Tract 611.04; Iredell County; North Carolina,0.0,0.0,0.0,0.0,0.0,0.0,0.0,0.0,0.0,0.0,0.0,0.0,0.0,0.0,0.0,0.0,0.0,37,097,061104,611.04,Iredell County
Census Tract 612.01; Iredell County; North Carolina,0.0,0.0,0.0,0.0,0.0,0.0,0.0,0.0,0.0,0.0,0.0,0.0,0.0,0.0,0.0,0.0,0.0,37,097,061201,612.01,Iredell County
Census Tract 612.02; Iredell County; North Carolina,0.0,0.0,0.0,0.0,0.0,0.0,0.0,0.0,0.0,0.0,0.0,0.0,0.0,0.0,0.0,0.0,0.0,37,097,061202,612.02,Iredell County
Census Tract 612.03; Iredell County; North Carolina,0.0,0.0,0.0,0.0,0.0,0.0,0.0,0.0,0.0,0.0,0.0,0.0,0.0,0.0,0.0,0.0,0.0,37,097,061203,612.03,Iredell County
Census Tract 612.04; Iredell County; North Carolina,0.0,0.0,0.0,0.0,0.0,0.0,0.0,0.0,0.0,0.0,0.0,0.0,0.0,0.0,0.0,0.0,0.0,37,097,061204,612.04,Iredell County
Census Tract 612.05; Iredell County; North Carolina,0.0,0.0,0.0,0.0,0.0,0.0,0.0,0.0,0.0,0.0,0.0,0.0,0.0,0.0,0.0,0.0,0.0,37,097,061205,612.05,Iredell County
Census Tract 613.01; Iredell County; North Carolina,0.0,0.0,0.0,0.0,0.0,0.0,0.0,0.0,0.0,0.0,0.0,0.0,0.0,0.0,0.0,0.0,0.0,37,097,061301,613.01,Iredell County
Census Tract 613.02; Iredell County; North Carolina,0.0,0.0,0.0,0.0,0.0,0.0,0.0,0.0,0.0,0.0,0.0,0.0,0.0,0.0,0.0,0.0,0.0,37,097,061302,613.02,Iredell County
Census Tract 613.03; Iredell County; North Carolina,0.0,0.0,0.0,0.0,0.0,0.0,0.0,0.0,0.0,0.0,0.0,0.0,0.0,0.0,0.0,0.0,0.0,37,097,061303,613.03,Iredell County
Census Tract 613.04; Iredell County; North Carolina,0.0,0.0,0.0,0.0,0.0,0.0,0.0,0.0,0.0,0.0,0.0,0.0,0.0,0.0,0.0,0.0,0.0,37,097,061304,613.04,Iredell County
Census Tract 614.01; Iredell County; North Carolina,0.0,0.0,0.0,0.0,0.0,0.0,0.0,0.0,0.0,0.0,0.0,0.0,0.0,0.0,0.0,0.0,0.0,37,097,061401,614.01,Iredell County
Census Tract 614.02; Iredell County; North Carolina,0.0,0.0,0.0,0.0,0.0,0.0,0.0,0.0,0.0,0.0,0.0,0.0,0.0,0.0,0.0,0.0,0.0,37,097,061402,614.02,Iredell County
Census Tract 614.03; Iredell County; North Carolina,0.0,0.0,0.0,0.0,0.0,0.0,0.0,0.0,0.0,0.0,0.0,0.0,0.0,0.0,0.0,0.0,0.0,37,097,061403,614.03,Iredell County
Census Tract 614.04; Iredell County; North Carolina,11.0,0.0,0.0,0.0,0.0,0.0,0.0,0.0,0.0,11.0,0.0,0.0,0.0,11.0,0.0,0.0,0.0,37,097,061404,614.04,Iredell County
Census Tract 614.05; Iredell County; North Carolina,0.0,0.0,0.0,0.0,0.0,0.0,0.0,0.0,0.0,0.0,0.0,0.0,0.0,0.0,0.0,0.0,0.0,37,097,061405,614.05,Iredell County
Census Tract 614.06; Iredell County; North Carolina,0.0,0.0,0.0,0.0,0.0,0.0,0.0,0.0,0.0,0.0,0.0,0.0,0.0,0.0,0.0,0.0,0.0,37,097,061406,614.06,Iredell County
Census Tract 614.07; Iredell County; North Carolina,0.0,0.0,0.0,0.0,0.0,0.0,0.0,0.0,0.0,0.0,0.0,0.0,0.0,0.0,0.0,0.0,0.0,37,097,061407,614.07,Iredell County
Census Tract 614.08; Iredell County; North Carolina,0.0,0.0,0.0,0.0,0.0,0.0,0.0,0.0,0.0,0.0,0.0,0.0,0.0,0.0,0.0,0.0,0.0,37,097,061408,614.08,Iredell County
Census Tract 615.01; Iredell County; North Carolina,0.0,0.0,0.0,0.0,0.0,0.0,0.0,0.0,0.0,0.0,0.0,0.0,0.0,0.0,0.0,0.0,0.0,37,097,061501,615.01,Iredell County
Census Tract 615.02; Iredell County; North Carolina,0.0,0.0,0.0,0.0,0.0,0.0,0.0,0.0,0.0,0.0,0.0,0.0,0.0,0.0,0.0,0.0,0.0,37,097,061502,615.02,Iredell County
Census Tract 615.03; Iredell County; North Carolina,0.0,0.0,0.0,0.0,0.0,0.0,0.0,0.0,0.0,0.0,0.0,0.0,0.0,0.0,0.0,0.0,0.0,37,097,061503,615.03,Iredell County
Census Tract 616.01; Iredell County; North Carolina,0.0,0.0,0.0,0.0,0.0,0.0,0.0,0.0,0.0,0.0,0.0,0.0,0.0,0.0,0.0,0.0,0.0,37,097,061601,616.01,Iredell County
Census Tract 616.03; Iredell County; North Carolina,0.0,0.0,0.0,0.0,0.0,0.0,0.0,0.0,0.0,0.0,0.0,0.0,0.0,0.0,0.0,0.0,0.0,37,097,061603,616.03,Iredell County
Census Tract 616.04; Iredell County; North Carolina,0.0,0.0,0.0,0.0,0.0,0.0,0.0,0.0,0.0,0.0,0.0,0.0,0.0,0.0,0.0,0.0,0.0,37,097,061604,616.04,Iredell County
Census Tract 616.05; Iredell County; North Carolina,0.0,0.0,0.0,0.0,0.0,0.0,0.0,0.0,0.0,0.0,0.0,0.0,0.0,0.0,0.0,0.0,0.0,37,097,061605,616.05,Iredell County
Census Tract 107.01; Orange County; North Carolina,0.0,0.0,0.0,0.0,0.0,0.0,0.0,0.0,0.0,0.0,0.0,0.0,0.0,0.0,0.0,0.0,0.0,37,135,010701,107.01,Orange County
Census Tract 107.05; Orange County; North Carolina,0.0,0.0,0.0,0.0,0.0,0.0,0.0,0.0,0.0,0.0,0.0,0.0,0.0,0.0,0.0,0.0,0.0,37,135,010705,107.05,Orange County
Census Tract 107.06; Orange County; North Carolina,0.0,0.0,0.0,0.0,0.0,0.0,0.0,0.0,0.0,0.0,0.0,0.0,0.0,0.0,0.0,0.0,0.0,37,135,010706,107.06,Orange County
Census Tract 107.07; Orange County; North Carolina,0.0,0.0,0.0,0.0,0.0,0.0,0.0,0.0,0.0,0.0,0.0,0.0,0.0,0.0,0.0,0.0,0.0,37,135,010707,107.07,Orange County
Census Tract 107.08; Orange County; North Carolina,0.0,0.0,0.0,0.0,0.0,0.0,0.0,0.0,0.0,0.0,0.0,0.0,0.0,0.0,0.0,0.0,0.0,37,135,010708,107.08,Orange County
Census Tract 107.09; Orange County; North Carolina,0.0,0.0,0.0,0.0,0.0,0.0,0.0,0.0,0.0,0.0,0.0,0.0,0.0,0.0,0.0,0.0,0.0,37,135,010709,107.09,Orange County
Census Tract 107.10; Orange County; North Carolina,0.0,0.0,0.0,0.0,0.0,0.0,0.0,0.0,0.0,0.0,0.0,0.0,0.0,0.0,0.0,0.0,0.0,37,135,010710,107.10,Orange County
Census Tract 108.02; Orange County; North Carolina,0.0,0.0,0.0,0.0,0.0,0.0,0.0,0.0,0.0,0.0,0.0,0.0,0.0,0.0,0.0,0.0,0.0,37,135,010802,108.02,Orange County
Census Tract 108.03; Orange County; North Carolina,13.0,13.0,0.0,0.0,0.0,13.0,0.0,0.0,0.0,0.0,0.0,0.0,0.0,0.0,0.0,0.0,0.0,37,135,010803,108.03,Orange County
Census Tract 108.04; Orange County; North Carolina,2.0,0.0,0.0,0.0,0.0,0.0,0.0,0.0,0.0,2.0,0.0,0.0,0.0,0.0,2.0,0.0,0.0,37,135,010804,108.04,Orange County
Census Tract 109.02; Orange County; North Carolina,0.0,0.0,0.0,0.0,0.0,0.0,0.0,0.0,0.0,0.0,0.0,0.0,0.0,0.0,0.0,0.0,0.0,37,135,010902,109.02,Orange County
Census Tract 109.03; Orange County; North Carolina,0.0,0.0,0.0,0.0,0.0,0.0,0.0,0.0,0.0,0.0,0.0,0.0,0.0,0.0,0.0,0.0,0.0,37,135,010903,109.03,Orange County
Census Tract 109.04; Orange County; North Carolina,0.0,0.0,0.0,0.0,0.0,0.0,0.0,0.0,0.0,0.0,0.0,0.0,0.0,0.0,0.0,0.0,0.0,37,135,010904,109.04,Orange County
Census Tract 110.01; Orange County; North Carolina,0.0,0.0,0.0,0.0,0.0,0.0,0.0,0.0,0.0,0.0,0.0,0.0,0.0,0.0,0.0,0.0,0.0,37,135,011001,110.01,Orange County
Census Tract 110.02; Orange County; North Carolina,0.0,0.0,0.0,0.0,0.0,0.0,0.0,0.0,0.0,0.0,0.0,0.0,0.0,0.0,0.0,0.0,0.0,37,135,011002,110.02,Orange County
Census Tract 111.03; Orange County; North Carolina,0.0,0.0,0.0,0.0,0.0,0.0,0.0,0.0,0.0,0.0,0.0,0.0,0.0,0.0,0.0,0.0,0.0,37,135,011103,111.03,Orange County
Census Tract 111.04; Orange County; North Carolina,0.0,0.0,0.0,0.0,0.0,0.0,0.0,0.0,0.0,0.0,0.0,0.0,0.0,0.0,0.0,0.0,0.0,37,135,011104,111.04,Orange County
Census Tract 111.05; Orange County; North Carolina,0.0,0.0,0.0,0.0,0.0,0.0,0.0,0.0,0.0,0.0,0.0,0.0,0.0,0.0,0.0,0.0,0.0,37,135,011105,111.05,Orange County
Census Tract 111.06; Orange County; North Carolina,0.0,0.0,0.0,0.0,0.0,0.0,0.0,0.0,0.0,0.0,0.0,0.0,0.0,0.0,0.0,0.0,0.0,37,135,011106,111.06,Orange County
Census Tract 111.07; Orange County; North Carolina,20.0,20.0,0.0,0.0,0.0,20.0,0.0,0.0,0.0,0.0,0.0,0.0,0.0,0.0,0.0,0.0,0.0,37,135,011107,111.07,Orange County
Census Tract 112.04; Orange County; North Carolina,0.0,0.0,0.0,0.0,0.0,0.0,0.0,0.0,0.0,0.0,0.0,0.0,0.0,0.0,0.0,0.0,0.0,37,135,011204,112.04,Orange County
Census Tract 112.06; Orange County; North Carolina,0.0,0.0,0.0,0.0,0.0,0.0,0.0,0.0,0.0,0.0,0.0,0.0,0.0,0.0,0.0,0.0,0.0,37,135,011206,112.06,Orange County
Census Tract 112.07; Orange County; North Carolina,4.0,4.0,0.0,0.0,4.0,0.0,0.0,0.0,0.0,0.0,0.0,0.0,0.0,0.0,0.0,0.0,0.0,37,135,011207,112.07,Orange County
Census Tract 112.08; Orange County; North Carolina,0.0,0.0,0.0,0.0,0.0,0.0,0.0,0.0,0.0,0.0,0.0,0.0,0.0,0.0,0.0,0.0,0.0,37,135,011208,112.08,Orange County
Census Tract 112.09; Orange County; North Carolina,0.0,0.0,0.0,0.0,0.0,0.0,0.0,0.0,0.0,0.0,0.0,0.0,0.0,0.0,0.0,0.0,0.0,37,135,011209,112.09,Orange County
Census Tract 112.10; Orange County; North Carolina,0.0,0.0,0.0,0.0,0.0,0.0,0.0,0.0,0.0,0.0,0.0,0.0,0.0,0.0,0.0,0.0,0.0,37,135,011210,112.10,Orange County
Census Tract 112.11; Orange County; North Carolina,0.0,0.0,0.0,0.0,0.0,0.0,0.0,0.0,0.0,0.0,0.0,0.0,0.0,0.0,0.0,0.0,0.0,37,135,011211,112.11,Orange County
Census Tract 113; Orange County; North Carolina,0.0,0.0,0.0,0.0,0.0,0.0,0.0,0.0,0.0,0.0,0.0,0.0,0.0,0.0,0.0,0.0,0.0,37,135,011300,113,Orange County
Census Tract 114; Orange County; North Carolina,0.0,0.0,0.0,0.0,0.0,0.0,0.0,0.0,0.0,0.0,0.0,0.0,0.0,0.0,0.0,0.0,0.0,37,135,011400,114,Orange County
Census Tract 115; Orange County; North Carolina,0.0,0.0,0.0,0.0,0.0,0.0,0.0,0.0,0.0,0.0,0.0,0.0,0.0,0.0,0.0,0.0,0.0,37,135,011500,115,Orange County
Census Tract 116.01; Orange County; North Carolina,0.0,0.0,0.0,0.0,0.0,0.0,0.0,0.0,0.0,0.0,0.0,0.0,0.0,0.0,0.0,0.0,0.0,37,135,011601,116.01,Orange County
Census Tract 116.02; Orange County; North Carolina,0.0,0.0,0.0,0.0,0.0,0.0,0.0,0.0,0.0,0.0,0.0,0.0,0.0,0.0,0.0,0.0,0.0,37,135,011602,116.02,Orange County
Census Tract 117; Orange County; North Carolina,0.0,0.0,0.0,0.0,0.0,0.0,0.0,0.0,0.0,0.0,0.0,0.0,0.0,0.0,0.0,0.0,0.0,37,135,011700,117,Orange County
Census Tract 118; Orange County; North Carolina,0.0,0.0,0.0,0.0,0.0,0.0,0.0,0.0,0.0,0.0,0.0,0.0,0.0,0.0,0.0,0.0,0.0,37,135,011800,118,Orange County
Census Tract 119.02; Orange County; North Carolina,0.0,0.0,0.0,0.0,0.0,0.0,0.0,0.0,0.0,0.0,0.0,0.0,0.0,0.0,0.0,0.0,0.0,37,135,011902,119.02,Orange County
Census Tract 119.03; Orange County; North Carolina,0.0,0.0,0.0,0.0,0.0,0.0,0.0,0.0,0.0,0.0,0.0,0.0,0.0,0.0,0.0,0.0,0.0,37,135,011903,119.03,Orange County
Census Tract 119.04; Orange County; North Carolina,0.0,0.0,0.0,0.0,0.0,0.0,0.0,0.0,0.0,0.0,0.0,0.0,0.0,0.0,0.0,0.0,0.0,37,135,011904,119.04,Orange County
Census Tract 121.01; Orange County; North Carolina,0.0,0.0,0.0,0.0,0.0,0.0,0.0,0.0,0.0,0.0,0.0,0.0,0.0,0.0,0.0,0.0,0.0,37,135,012101,121.01,Orange County
Census Tract 121.02; Orange County; North Carolina,0.0,0.0,0.0,0.0,0.0,0.0,0.0,0.0,0.0,0.0,0.0,0.0,0.0,0.0,0.0,0.0,0.0,37,135,012102,121.02,Orange County
Census Tract 121.03; Orange County; North Carolina,0.0,0.0,0.0,0.0,0.0,0.0,0.0,0.0,0.0,0.0,0.0,0.0,0.0,0.0,0.0,0.0,0.0,37,135,012103,121.03,Orange County
Census Tract 122.01; Orange County; North Carolina,0.0,0.0,0.0,0.0,0.0,0.0,0.0,0.0,0.0,0.0,0.0,0.0,0.0,0.0,0.0,0.0,0.0,37,135,012201,122.01,Orange County
Census Tract 122.02; Orange County; North Carolina,0.0,0.0,0.0,0.0,0.0,0.0,0.0,0.0,0.0,0.0,0.0,0.0,0.0,0.0,0.0,0.0,0.0,37,135,012202,122.02,Orange County
Census Tract 502.01; Rowan County; North Carolina,0.0,0.0,0.0,0.0,0.0,0.0,0.0,0.0,0.0,0.0,0.0,0.0,0.0,0.0,0.0,0.0,0.0,37,159,050201,502.01,Rowan County
Census Tract 502.02; Rowan County; North Carolina,0.0,0.0,0.0,0.0,0.0,0.0,0.0,0.0,0.0,0.0,0.0,0.0,0.0,0.0,0.0,0.0,0.0,37,159,050202,502.02,Rowan County
Census Tract 503; Rowan County; North Carolina,7.0,7.0,0.0,0.0,0.0,0.0,7.0,0.0,0.0,0.0,0.0,0.0,0.0,0.0,0.0,0.0,0.0,37,159,050300,503,Rowan County
Census Tract 504; Rowan County; North Carolina,0.0,0.0,0.0,0.0,0.0,0.0,0.0,0.0,0.0,0.0,0.0,0.0,0.0,0.0,0.0,0.0,0.0,37,159,050400,504,Rowan County
Census Tract 505; Rowan County; North Carolina,0.0,0.0,0.0,0.0,0.0,0.0,0.0,0.0,0.0,0.0,0.0,0.0,0.0,0.0,0.0,0.0,0.0,37,159,050500,505,Rowan County
Census Tract 507; Rowan County; North Carolina,0.0,0.0,0.0,0.0,0.0,0.0,0.0,0.0,0.0,0.0,0.0,0.0,0.0,0.0,0.0,0.0,0.0,37,159,050700,507,Rowan County
Census Tract 508; Rowan County; North Carolina,0.0,0.0,0.0,0.0,0.0,0.0,0.0,0.0,0.0,0.0,0.0,0.0,0.0,0.0,0.0,0.0,0.0,37,159,050800,508,Rowan County
Census Tract 509.01; Rowan County; North Carolina,0.0,0.0,0.0,0.0,0.0,0.0,0.0,0.0,0.0,0.0,0.0,0.0,0.0,0.0,0.0,0.0,0.0,37,159,050901,509.01,Rowan County
Census Tract 509.03; Rowan County; North Carolina,0.0,0.0,0.0,0.0,0.0,0.0,0.0,0.0,0.0,0.0,0.0,0.0,0.0,0.0,0.0,0.0,0.0,37,159,050903,509.03,Rowan County
Census Tract 509.04; Rowan County; North Carolina,0.0,0.0,0.0,0.0,0.0,0.0,0.0,0.0,0.0,0.0,0.0,0.0,0.0,0.0,0.0,0.0,0.0,37,159,050904,509.04,Rowan County
Census Tract 510.01; Rowan County; North Carolina,0.0,0.0,0.0,0.0,0.0,0.0,0.0,0.0,0.0,0.0,0.0,0.0,0.0,0.0,0.0,0.0,0.0,37,159,051001,510.01,Rowan County
Census Tract 510.02; Rowan County; North Carolina,0.0,0.0,0.0,0.0,0.0,0.0,0.0,0.0,0.0,0.0,0.0,0.0,0.0,0.0,0.0,0.0,0.0,37,159,051002,510.02,Rowan County
Census Tract 511.01; Rowan County; North Carolina,0.0,0.0,0.0,0.0,0.0,0.0,0.0,0.0,0.0,0.0,0.0,0.0,0.0,0.0,0.0,0.0,0.0,37,159,051101,511.01,Rowan County
Census Tract 511.02; Rowan County; North Carolina,0.0,0.0,0.0,0.0,0.0,0.0,0.0,0.0,0.0,0.0,0.0,0.0,0.0,0.0,0.0,0.0,0.0,37,159,051102,511.02,Rowan County
Census Tract 512.01; Rowan County; North Carolina,0.0,0.0,0.0,0.0,0.0,0.0,0.0,0.0,0.0,0.0,0.0,0.0,0.0,0.0,0.0,0.0,0.0,37,159,051201,512.01,Rowan County
Census Tract 512.02; Rowan County; North Carolina,0.0,0.0,0.0,0.0,0.0,0.0,0.0,0.0,0.0,0.0,0.0,0.0,0.0,0.0,0.0,0.0,0.0,37,159,051202,512.02,Rowan County
Census Tract 512.04; Rowan County; North Carolina,0.0,0.0,0.0,0.0,0.0,0.0,0.0,0.0,0.0,0.0,0.0,0.0,0.0,0.0,0.0,0.0,0.0,37,159,051204,512.04,Rowan County
Census Tract 513.01; Rowan County; North Carolina,0.0,0.0,0.0,0.0,0.0,0.0,0.0,0.0,0.0,0.0,0.0,0.0,0.0,0.0,0.0,0.0,0.0,37,159,051301,513.01,Rowan County
Census Tract 513.02; Rowan County; North Carolina,0.0,0.0,0.0,0.0,0.0,0.0,0.0,0.0,0.0,0.0,0.0,0.0,0.0,0.0,0.0,0.0,0.0,37,159,051302,513.02,Rowan County
Census Tract 513.03; Rowan County; North Carolina,0.0,0.0,0.0,0.0,0.0,0.0,0.0,0.0,0.0,0.0,0.0,0.0,0.0,0.0,0.0,0.0,0.0,37,159,051303,513.03,Rowan County
Census Tract 514; Rowan County; North Carolina,0.0,0.0,0.0,0.0,0.0,0.0,0.0,0.0,0.0,0.0,0.0,0.0,0.0,0.0,0.0,0.0,0.0,37,159,051400,514,Rowan County
Census Tract 515.01; Rowan County; North Carolina,109.0,0.0,0.0,0.0,0.0,0.0,0.0,0.0,0.0,109.0,0.0,0.0,30.0,79.0,0.0,0.0,0.0,37,159,051501,515.01,Rowan County
Census Tract 515.02; Rowan County; North Carolina,0.0,0.0,0.0,0.0,0.0,0.0,0.0,0.0,0.0,0.0,0.0,0.0,0.0,0.0,0.0,0.0,0.0,37,159,051502,515.02,Rowan County
Census Tract 516; Rowan County; North Carolina,0.0,0.0,0.0,0.0,0.0,0.0,0.0,0.0,0.0,0.0,0.0,0.0,0.0,0.0,0.0,0.0,0.0,37,159,051600,516,Rowan County
Census Tract 517; Rowan County; North Carolina,0.0,0.0,0.0,0.0,0.0,0.0,0.0,0.0,0.0,0.0,0.0,0.0,0.0,0.0,0.0,0.0,0.0,37,159,051700,517,Rowan County
Census Tract 518.01; Rowan County; North Carolina,0.0,0.0,0.0,0.0,0.0,0.0,0.0,0.0,0.0,0.0,0.0,0.0,0.0,0.0,0.0,0.0,0.0,37,159,051801,518.01,Rowan County
Census Tract 518.02; Rowan County; North Carolina,0.0,0.0,0.0,0.0,0.0,0.0,0.0,0.0,0.0,0.0,0.0,0.0,0.0,0.0,0.0,0.0,0.0,37,159,051802,518.02,Rowan County
Census Tract 519.01; Rowan County; North Carolina,0.0,0.0,0.0,0.0,0.0,0.0,0.0,0.0,0.0,0.0,0.0,0.0,0.0,0.0,0.0,0.0,0.0,37,159,051901,519.01,Rowan County
Census Tract 519.03; Rowan County; North Carolina,0.0,0.0,0.0,0.0,0.0,0.0,0.0,0.0,0.0,0.0,0.0,0.0,0.0,0.0,0.0,0.0,0.0,37,159,051903,519.03,Rowan County
Census Tract 519.04; Rowan County; North Carolina,0.0,0.0,0.0,0.0,0.0,0.0,0.0,0.0,0.0,0.0,0.0,0.0,0.0,0.0,0.0,0.0,0.0,37,159,051904,519.04,Rowan County
Census Tract 520; Rowan County; North Carolina,4.0,0.0,0.0,0.0,0.0,0.0,0.0,0.0,0.0,4.0,0.0,0.0,0.0,4.0,0.0,0.0,0.0,37,159,052000,520,Rowan County
