NAME,Total Households,Total Households With cash public assistance or Food Stamps/SNAP,Total Households with No cash public assistance or Food Stamps/SNAP,state,county,tract,Census Tract,County
Census Tract 101; Guilford County; North Carolina,646.0,323.0,323.0,37,081,010100,101,Guilford County
Census Tract 102; Guilford County; North Carolina,2247.0,650.0,1597.0,37,081,010200,102,Guilford County
Census Tract 103; Guilford County; North Carolina,983.0,444.0,539.0,37,081,010300,103,Guilford County
Census Tract 104.01; Guilford County; North Carolina,749.0,31.0,718.0,37,081,010401,104.01,Guilford County
Census Tract 104.03; Guilford County; North Carolina,804.0,121.0,683.0,37,081,010403,104.03,Guilford County
Census Tract 104.04; Guilford County; North Carolina,1023.0,21.0,1002.0,37,081,010404,104.04,Guilford County
Census Tract 105; Guilford County; North Carolina,1130.0,24.0,1106.0,37,081,010500,105,Guilford County
Census Tract 106.01; Guilford County; North Carolina,1310.0,178.0,1132.0,37,081,010601,106.01,Guilford County
Census Tract 106.02; Guilford County; North Carolina,1597.0,166.0,1431.0,37,081,010602,106.02,Guilford County
Census Tract 107.01; Guilford County; North Carolina,783.0,38.0,745.0,37,081,010701,107.01,Guilford County
Census Tract 107.02; Guilford County; North Carolina,982.0,77.0,905.0,37,081,010702,107.02,Guilford County
Census Tract 108; Guilford County; North Carolina,1494.0,325.0,1169.0,37,081,010800,108,Guilford County
Census Tract 109; Guilford County; North Carolina,987.0,224.0,763.0,37,081,010900,109,Guilford County
Census Tract 110; Guilford County; North Carolina,665.0,305.0,360.0,37,081,011000,110,Guilford County
Census Tract 111.01; Guilford County; North Carolina,1702.0,733.0,969.0,37,081,011101,111.01,Guilford County
Census Tract 111.02; Guilford County; North Carolina,1015.0,416.0,599.0,37,081,011102,111.02,Guilford County
Census Tract 112.01; Guilford County; North Carolina,1196.0,339.0,857.0,37,081,011201,112.01,Guilford County
Census Tract 112.02; Guilford County; North Carolina,1301.0,613.0,688.0,37,081,011202,112.02,Guilford County
Census Tract 113; Guilford County; North Carolina,1747.0,523.0,1224.0,37,081,011300,113,Guilford County
Census Tract 114; Guilford County; North Carolina,1984.0,974.0,1010.0,37,081,011400,114,Guilford County
Census Tract 115; Guilford County; North Carolina,1156.0,291.0,865.0,37,081,011500,115,Guilford County
Census Tract 116.01; Guilford County; North Carolina,1089.0,279.0,810.0,37,081,011601,116.01,Guilford County
Census Tract 116.02; Guilford County; North Carolina,1038.0,160.0,878.0,37,081,011602,116.02,Guilford County
Census Tract 119.04; Guilford County; North Carolina,2148.0,721.0,1427.0,37,081,011904,119.04,Guilford County
Census Tract 119.05; Guilford County; North Carolina,1926.0,478.0,1448.0,37,081,011905,119.05,Guilford County
Census Tract 125.03; Guilford County; North Carolina,1788.0,104.0,1684.0,37,081,012503,125.03,Guilford County
Census Tract 125.04; Guilford County; North Carolina,1297.0,268.0,1029.0,37,081,012504,125.04,Guilford County
Census Tract 125.05; Guilford County; North Carolina,1565.0,6.0,1559.0,37,081,012505,125.05,Guilford County
Census Tract 125.08; Guilford County; North Carolina,1418.0,57.0,1361.0,37,081,012508,125.08,Guilford County
Census Tract 125.09; Guilford County; North Carolina,932.0,31.0,901.0,37,081,012509,125.09,Guilford County
Census Tract 125.10; Guilford County; North Carolina,1405.0,18.0,1387.0,37,081,012510,125.10,Guilford County
Census Tract 125.11; Guilford County; North Carolina,1818.0,31.0,1787.0,37,081,012511,125.11,Guilford County
Census Tract 126.04; Guilford County; North Carolina,1543.0,477.0,1066.0,37,081,012604,126.04,Guilford County
Census Tract 126.07; Guilford County; North Carolina,1162.0,101.0,1061.0,37,081,012607,126.07,Guilford County
Census Tract 126.08; Guilford County; North Carolina,1187.0,581.0,606.0,37,081,012608,126.08,Guilford County
Census Tract 126.10; Guilford County; North Carolina,1141.0,239.0,902.0,37,081,012610,126.10,Guilford County
Census Tract 126.11; Guilford County; North Carolina,1798.0,326.0,1472.0,37,081,012611,126.11,Guilford County
Census Tract 126.12; Guilford County; North Carolina,2665.0,695.0,1970.0,37,081,012612,126.12,Guilford County
Census Tract 126.17; Guilford County; North Carolina,1473.0,439.0,1034.0,37,081,012617,126.17,Guilford County
Census Tract 126.18; Guilford County; North Carolina,2057.0,452.0,1605.0,37,081,012618,126.18,Guilford County
Census Tract 126.19; Guilford County; North Carolina,1886.0,371.0,1515.0,37,081,012619,126.19,Guilford County
Census Tract 126.20; Guilford County; North Carolina,1393.0,594.0,799.0,37,081,012620,126.20,Guilford County
Census Tract 126.21; Guilford County; North Carolina,1883.0,287.0,1596.0,37,081,012621,126.21,Guilford County
Census Tract 127.03; Guilford County; North Carolina,2051.0,468.0,1583.0,37,081,012703,127.03,Guilford County
Census Tract 127.04; Guilford County; North Carolina,1497.0,473.0,1024.0,37,081,012704,127.04,Guilford County
Census Tract 127.05; Guilford County; North Carolina,1533.0,601.0,932.0,37,081,012705,127.05,Guilford County
Census Tract 127.06; Guilford County; North Carolina,1463.0,734.0,729.0,37,081,012706,127.06,Guilford County
Census Tract 127.07; Guilford County; North Carolina,1033.0,279.0,754.0,37,081,012707,127.07,Guilford County
Census Tract 128.03; Guilford County; North Carolina,3534.0,552.0,2982.0,37,081,012803,128.03,Guilford County
Census Tract 128.04; Guilford County; North Carolina,1969.0,302.0,1667.0,37,081,012804,128.04,Guilford County
Census Tract 128.05; Guilford County; North Carolina,1406.0,155.0,1251.0,37,081,012805,128.05,Guilford County
Census Tract 136.01; Guilford County; North Carolina,426.0,111.0,315.0,37,081,013601,136.01,Guilford County
Census Tract 136.02; Guilford County; North Carolina,1606.0,358.0,1248.0,37,081,013602,136.02,Guilford County
Census Tract 137; Guilford County; North Carolina,1675.0,162.0,1513.0,37,081,013700,137,Guilford County
Census Tract 138; Guilford County; North Carolina,1512.0,521.0,991.0,37,081,013800,138,Guilford County
Census Tract 139; Guilford County; North Carolina,1970.0,1139.0,831.0,37,081,013900,139,Guilford County
Census Tract 140; Guilford County; North Carolina,1099.0,271.0,828.0,37,081,014000,140,Guilford County
Census Tract 142; Guilford County; North Carolina,1589.0,628.0,961.0,37,081,014200,142,Guilford County
Census Tract 143; Guilford County; North Carolina,1092.0,627.0,465.0,37,081,014300,143,Guilford County
Census Tract 144.06; Guilford County; North Carolina,1097.0,182.0,915.0,37,081,014406,144.06,Guilford County
Census Tract 144.07; Guilford County; North Carolina,2499.0,334.0,2165.0,37,081,014407,144.07,Guilford County
Census Tract 144.08; Guilford County; North Carolina,1083.0,419.0,664.0,37,081,014408,144.08,Guilford County
Census Tract 144.09; Guilford County; North Carolina,1392.0,214.0,1178.0,37,081,014409,144.09,Guilford County
Census Tract 144.10; Guilford County; North Carolina,1633.0,361.0,1272.0,37,081,014410,144.10,Guilford County
Census Tract 144.11; Guilford County; North Carolina,2205.0,428.0,1777.0,37,081,014411,144.11,Guilford County
Census Tract 144.12; Guilford County; North Carolina,1056.0,54.0,1002.0,37,081,014412,144.12,Guilford County
Census Tract 145.01; Guilford County; North Carolina,462.0,147.0,315.0,37,081,014501,145.01,Guilford County
Census Tract 145.02; Guilford County; North Carolina,1859.0,536.0,1323.0,37,081,014502,145.02,Guilford County
Census Tract 145.03; Guilford County; North Carolina,1239.0,539.0,700.0,37,081,014503,145.03,Guilford County
Census Tract 151; Guilford County; North Carolina,2024.0,215.0,1809.0,37,081,015100,151,Guilford County
Census Tract 152.01; Guilford County; North Carolina,2327.0,364.0,1963.0,37,081,015201,152.01,Guilford County
Census Tract 152.02; Guilford County; North Carolina,2578.0,239.0,2339.0,37,081,015202,152.02,Guilford County
Census Tract 153.01; Guilford County; North Carolina,2137.0,206.0,1931.0,37,081,015301,153.01,Guilford County
Census Tract 153.02; Guilford County; North Carolina,1772.0,101.0,1671.0,37,081,015302,153.02,Guilford County
Census Tract 154.01; Guilford County; North Carolina,2393.0,356.0,2037.0,37,081,015401,154.01,Guilford County
Census Tract 154.02; Guilford County; North Carolina,2751.0,767.0,1984.0,37,081,015402,154.02,Guilford County
Census Tract 155; Guilford County; North Carolina,3035.0,313.0,2722.0,37,081,015500,155,Guilford County
Census Tract 156.01; Guilford County; North Carolina,1666.0,11.0,1655.0,37,081,015601,156.01,Guilford County
Census Tract 156.02; Guilford County; North Carolina,2390.0,58.0,2332.0,37,081,015602,156.02,Guilford County
Census Tract 157.03; Guilford County; North Carolina,2752.0,261.0,2491.0,37,081,015703,157.03,Guilford County
Census Tract 157.04; Guilford County; North Carolina,2782.0,280.0,2502.0,37,081,015704,157.04,Guilford County
Census Tract 157.05; Guilford County; North Carolina,1380.0,102.0,1278.0,37,081,015705,157.05,Guilford County
Census Tract 157.06; Guilford County; North Carolina,2553.0,223.0,2330.0,37,081,015706,157.06,Guilford County
Census Tract 157.07; Guilford County; North Carolina,2466.0,133.0,2333.0,37,081,015707,157.07,Guilford County
Census Tract 158; Guilford County; North Carolina,2963.0,103.0,2860.0,37,081,015800,158,Guilford County
Census Tract 159.01; Guilford County; North Carolina,2194.0,167.0,2027.0,37,081,015901,159.01,Guilford County
Census Tract 159.02; Guilford County; North Carolina,1766.0,40.0,1726.0,37,081,015902,159.02,Guilford County
Census Tract 160.03; Guilford County; North Carolina,1586.0,49.0,1537.0,37,081,016003,160.03,Guilford County
Census Tract 160.05; Guilford County; North Carolina,846.0,74.0,772.0,37,081,016005,160.05,Guilford County
Census Tract 160.06; Guilford County; North Carolina,1742.0,113.0,1629.0,37,081,016006,160.06,Guilford County
Census Tract 160.07; Guilford County; North Carolina,2416.0,133.0,2283.0,37,081,016007,160.07,Guilford County
Census Tract 160.08; Guilford County; North Carolina,2805.0,83.0,2722.0,37,081,016008,160.08,Guilford County
Census Tract 160.09; Guilford County; North Carolina,1432.0,0.0,1432.0,37,081,016009,160.09,Guilford County
Census Tract 160.10; Guilford County; North Carolina,1341.0,29.0,1312.0,37,081,016010,160.10,Guilford County
Census Tract 160.11; Guilford County; North Carolina,2891.0,546.0,2345.0,37,081,016011,160.11,Guilford County
Census Tract 161.01; Guilford County; North Carolina,2053.0,36.0,2017.0,37,081,016101,161.01,Guilford County
Census Tract 161.02; Guilford County; North Carolina,1990.0,221.0,1769.0,37,081,016102,161.02,Guilford County
Census Tract 161.03; Guilford County; North Carolina,2497.0,408.0,2089.0,37,081,016103,161.03,Guilford County
Census Tract 162.01; Guilford County; North Carolina,2637.0,168.0,2469.0,37,081,016201,162.01,Guilford County
Census Tract 162.03; Guilford County; North Carolina,2239.0,189.0,2050.0,37,081,016203,162.03,Guilford County
Census Tract 162.04; Guilford County; North Carolina,1651.0,18.0,1633.0,37,081,016204,162.04,Guilford County
Census Tract 162.05; Guilford County; North Carolina,1753.0,50.0,1703.0,37,081,016205,162.05,Guilford County
Census Tract 163.03; Guilford County; North Carolina,1519.0,66.0,1453.0,37,081,016303,163.03,Guilford County
Census Tract 163.04; Guilford County; North Carolina,1527.0,12.0,1515.0,37,081,016304,163.04,Guilford County
Census Tract 163.05; Guilford County; North Carolina,1259.0,50.0,1209.0,37,081,016305,163.05,Guilford County
Census Tract 163.06; Guilford County; North Carolina,2546.0,171.0,2375.0,37,081,016306,163.06,Guilford County
Census Tract 164.05; Guilford County; North Carolina,851.0,99.0,752.0,37,081,016405,164.05,Guilford County
Census Tract 164.06; Guilford County; North Carolina,2362.0,254.0,2108.0,37,081,016406,164.06,Guilford County
Census Tract 164.07; Guilford County; North Carolina,1836.0,146.0,1690.0,37,081,016407,164.07,Guilford County
Census Tract 164.08; Guilford County; North Carolina,695.0,31.0,664.0,37,081,016408,164.08,Guilford County
Census Tract 164.09; Guilford County; North Carolina,1010.0,0.0,1010.0,37,081,016409,164.09,Guilford County
Census Tract 164.10; Guilford County; North Carolina,2184.0,163.0,2021.0,37,081,016410,164.10,Guilford County
Census Tract 165.02; Guilford County; North Carolina,2732.0,137.0,2595.0,37,081,016502,165.02,Guilford County
Census Tract 165.03; Guilford County; North Carolina,2966.0,186.0,2780.0,37,081,016503,165.03,Guilford County
Census Tract 165.05; Guilford County; North Carolina,2148.0,346.0,1802.0,37,081,016505,165.05,Guilford County
Census Tract 165.06; Guilford County; North Carolina,1906.0,167.0,1739.0,37,081,016506,165.06,Guilford County
Census Tract 166; Guilford County; North Carolina,867.0,130.0,737.0,37,081,016600,166,Guilford County
Census Tract 167.01; Guilford County; North Carolina,2587.0,569.0,2018.0,37,081,016701,167.01,Guilford County
Census Tract 167.02; Guilford County; North Carolina,1396.0,350.0,1046.0,37,081,016702,167.02,Guilford County
Census Tract 168; Guilford County; North Carolina,3484.0,472.0,3012.0,37,081,016800,168,Guilford County
Census Tract 169; Guilford County; North Carolina,1785.0,169.0,1616.0,37,081,016900,169,Guilford County
Census Tract 170; Guilford County; North Carolina,1877.0,141.0,1736.0,37,081,017000,170,Guilford County
Census Tract 171.01; Guilford County; North Carolina,2031.0,53.0,1978.0,37,081,017101,171.01,Guilford County
Census Tract 171.02; Guilford County; North Carolina,901.0,4.0,897.0,37,081,017102,171.02,Guilford County
Census Tract 172; Guilford County; North Carolina,3437.0,176.0,3261.0,37,081,017200,172,Guilford County
Census Tract 9801; Guilford County; North Carolina,0.0,0.0,0.0,37,081,980100,9801,Guilford County
Census Tract 1; Forsyth County; North Carolina,1877.0,25.0,1852.0,37,067,000100,1,Forsyth County
Census Tract 2; Forsyth County; North Carolina,718.0,246.0,472.0,37,067,000200,2,Forsyth County
Census Tract 3.01; Forsyth County; North Carolina,892.0,528.0,364.0,37,067,000301,3.01,Forsyth County
Census Tract 3.02; Forsyth County; North Carolina,660.0,242.0,418.0,37,067,000302,3.02,Forsyth County
Census Tract 4; Forsyth County; North Carolina,1305.0,489.0,816.0,37,067,000400,4,Forsyth County
Census Tract 5; Forsyth County; North Carolina,853.0,435.0,418.0,37,067,000500,5,Forsyth County
Census Tract 6; Forsyth County; North Carolina,973.0,484.0,489.0,37,067,000600,6,Forsyth County
Census Tract 7; Forsyth County; North Carolina,896.0,434.0,462.0,37,067,000700,7,Forsyth County
Census Tract 8.01; Forsyth County; North Carolina,298.0,249.0,49.0,37,067,000801,8.01,Forsyth County
Census Tract 8.02; Forsyth County; North Carolina,601.0,335.0,266.0,37,067,000802,8.02,Forsyth County
Census Tract 9; Forsyth County; North Carolina,1580.0,270.0,1310.0,37,067,000900,9,Forsyth County
Census Tract 10; Forsyth County; North Carolina,2141.0,405.0,1736.0,37,067,001000,10,Forsyth County
Census Tract 11; Forsyth County; North Carolina,1373.0,158.0,1215.0,37,067,001100,11,Forsyth County
Census Tract 12; Forsyth County; North Carolina,971.0,31.0,940.0,37,067,001200,12,Forsyth County
Census Tract 13; Forsyth County; North Carolina,728.0,39.0,689.0,37,067,001300,13,Forsyth County
Census Tract 14; Forsyth County; North Carolina,1424.0,328.0,1096.0,37,067,001400,14,Forsyth County
Census Tract 15; Forsyth County; North Carolina,1524.0,436.0,1088.0,37,067,001500,15,Forsyth County
Census Tract 16.01; Forsyth County; North Carolina,1255.0,305.0,950.0,37,067,001601,16.01,Forsyth County
Census Tract 16.02; Forsyth County; North Carolina,1312.0,662.0,650.0,37,067,001602,16.02,Forsyth County
Census Tract 17; Forsyth County; North Carolina,2305.0,279.0,2026.0,37,067,001700,17,Forsyth County
Census Tract 18; Forsyth County; North Carolina,1624.0,221.0,1403.0,37,067,001800,18,Forsyth County
Census Tract 19.01; Forsyth County; North Carolina,591.0,173.0,418.0,37,067,001901,19.01,Forsyth County
Census Tract 19.02; Forsyth County; North Carolina,796.0,132.0,664.0,37,067,001902,19.02,Forsyth County
Census Tract 20.01; Forsyth County; North Carolina,895.0,219.0,676.0,37,067,002001,20.01,Forsyth County
Census Tract 20.02; Forsyth County; North Carolina,1582.0,492.0,1090.0,37,067,002002,20.02,Forsyth County
Census Tract 21; Forsyth County; North Carolina,951.0,106.0,845.0,37,067,002100,21,Forsyth County
Census Tract 22; Forsyth County; North Carolina,1717.0,152.0,1565.0,37,067,002200,22,Forsyth County
Census Tract 25.01; Forsyth County; North Carolina,1121.0,26.0,1095.0,37,067,002501,25.01,Forsyth County
Census Tract 25.02; Forsyth County; North Carolina,1255.0,21.0,1234.0,37,067,002502,25.02,Forsyth County
Census Tract 26.01; Forsyth County; North Carolina,1146.0,18.0,1128.0,37,067,002601,26.01,Forsyth County
Census Tract 26.04; Forsyth County; North Carolina,2116.0,251.0,1865.0,37,067,002604,26.04,Forsyth County
Census Tract 26.05; Forsyth County; North Carolina,1092.0,86.0,1006.0,37,067,002605,26.05,Forsyth County
Census Tract 26.06; Forsyth County; North Carolina,1686.0,121.0,1565.0,37,067,002606,26.06,Forsyth County
Census Tract 27.01; Forsyth County; North Carolina,2532.0,607.0,1925.0,37,067,002701,27.01,Forsyth County
Census Tract 27.02; Forsyth County; North Carolina,2402.0,697.0,1705.0,37,067,002702,27.02,Forsyth County
Census Tract 27.04; Forsyth County; North Carolina,1512.0,186.0,1326.0,37,067,002704,27.04,Forsyth County
Census Tract 27.05; Forsyth County; North Carolina,1558.0,451.0,1107.0,37,067,002705,27.05,Forsyth County
Census Tract 28.01; Forsyth County; North Carolina,1749.0,146.0,1603.0,37,067,002801,28.01,Forsyth County
Census Tract 28.04; Forsyth County; North Carolina,1321.0,213.0,1108.0,37,067,002804,28.04,Forsyth County
Census Tract 28.06; Forsyth County; North Carolina,1291.0,274.0,1017.0,37,067,002806,28.06,Forsyth County
Census Tract 28.07; Forsyth County; North Carolina,2275.0,88.0,2187.0,37,067,002807,28.07,Forsyth County
Census Tract 28.08; Forsyth County; North Carolina,1692.0,73.0,1619.0,37,067,002808,28.08,Forsyth County
Census Tract 28.09; Forsyth County; North Carolina,1299.0,132.0,1167.0,37,067,002809,28.09,Forsyth County
Census Tract 29.01; Forsyth County; North Carolina,1881.0,251.0,1630.0,37,067,002901,29.01,Forsyth County
Census Tract 29.03; Forsyth County; North Carolina,1287.0,318.0,969.0,37,067,002903,29.03,Forsyth County
Census Tract 29.04; Forsyth County; North Carolina,896.0,100.0,796.0,37,067,002904,29.04,Forsyth County
Census Tract 30.02; Forsyth County; North Carolina,1608.0,230.0,1378.0,37,067,003002,30.02,Forsyth County
Census Tract 30.03; Forsyth County; North Carolina,1299.0,172.0,1127.0,37,067,003003,30.03,Forsyth County
Census Tract 30.04; Forsyth County; North Carolina,1472.0,213.0,1259.0,37,067,003004,30.04,Forsyth County
Census Tract 31.03; Forsyth County; North Carolina,2422.0,6.0,2416.0,37,067,003103,31.03,Forsyth County
Census Tract 31.05; Forsyth County; North Carolina,1388.0,113.0,1275.0,37,067,003105,31.05,Forsyth County
Census Tract 31.06; Forsyth County; North Carolina,1423.0,130.0,1293.0,37,067,003106,31.06,Forsyth County
Census Tract 31.07; Forsyth County; North Carolina,1726.0,117.0,1609.0,37,067,003107,31.07,Forsyth County
Census Tract 31.08; Forsyth County; North Carolina,1480.0,148.0,1332.0,37,067,003108,31.08,Forsyth County
Census Tract 32.01; Forsyth County; North Carolina,2166.0,133.0,2033.0,37,067,003201,32.01,Forsyth County
Census Tract 32.02; Forsyth County; North Carolina,1838.0,273.0,1565.0,37,067,003202,32.02,Forsyth County
Census Tract 33.07; Forsyth County; North Carolina,1670.0,252.0,1418.0,37,067,003307,33.07,Forsyth County
Census Tract 33.08; Forsyth County; North Carolina,3004.0,280.0,2724.0,37,067,003308,33.08,Forsyth County
Census Tract 33.09; Forsyth County; North Carolina,2169.0,613.0,1556.0,37,067,003309,33.09,Forsyth County
Census Tract 33.10; Forsyth County; North Carolina,1646.0,186.0,1460.0,37,067,003310,33.10,Forsyth County
Census Tract 33.11; Forsyth County; North Carolina,756.0,42.0,714.0,37,067,003311,33.11,Forsyth County
Census Tract 33.12; Forsyth County; North Carolina,1916.0,27.0,1889.0,37,067,003312,33.12,Forsyth County
Census Tract 33.13; Forsyth County; North Carolina,503.0,46.0,457.0,37,067,003313,33.13,Forsyth County
Census Tract 33.14; Forsyth County; North Carolina,1493.0,61.0,1432.0,37,067,003314,33.14,Forsyth County
Census Tract 33.15; Forsyth County; North Carolina,1889.0,127.0,1762.0,37,067,003315,33.15,Forsyth County
Census Tract 34.02; Forsyth County; North Carolina,1148.0,153.0,995.0,37,067,003402,34.02,Forsyth County
Census Tract 34.03; Forsyth County; North Carolina,1081.0,295.0,786.0,37,067,003403,34.03,Forsyth County
Census Tract 34.04; Forsyth County; North Carolina,1484.0,559.0,925.0,37,067,003404,34.04,Forsyth County
Census Tract 35; Forsyth County; North Carolina,3067.0,572.0,2495.0,37,067,003500,35,Forsyth County
Census Tract 36; Forsyth County; North Carolina,2598.0,673.0,1925.0,37,067,003600,36,Forsyth County
Census Tract 37.01; Forsyth County; North Carolina,1923.0,474.0,1449.0,37,067,003701,37.01,Forsyth County
Census Tract 37.02; Forsyth County; North Carolina,2151.0,383.0,1768.0,37,067,003702,37.02,Forsyth County
Census Tract 37.03; Forsyth County; North Carolina,3514.0,413.0,3101.0,37,067,003703,37.03,Forsyth County
Census Tract 38.03; Forsyth County; North Carolina,2026.0,182.0,1844.0,37,067,003803,38.03,Forsyth County
Census Tract 38.04; Forsyth County; North Carolina,2632.0,166.0,2466.0,37,067,003804,38.04,Forsyth County
Census Tract 38.05; Forsyth County; North Carolina,2965.0,386.0,2579.0,37,067,003805,38.05,Forsyth County
Census Tract 38.06; Forsyth County; North Carolina,1265.0,279.0,986.0,37,067,003806,38.06,Forsyth County
Census Tract 39.03; Forsyth County; North Carolina,2181.0,412.0,1769.0,37,067,003903,39.03,Forsyth County
Census Tract 39.04; Forsyth County; North Carolina,3226.0,151.0,3075.0,37,067,003904,39.04,Forsyth County
Census Tract 39.05; Forsyth County; North Carolina,2459.0,200.0,2259.0,37,067,003905,39.05,Forsyth County
Census Tract 39.06; Forsyth County; North Carolina,1351.0,47.0,1304.0,37,067,003906,39.06,Forsyth County
Census Tract 39.08; Forsyth County; North Carolina,1243.0,7.0,1236.0,37,067,003908,39.08,Forsyth County
Census Tract 39.09; Forsyth County; North Carolina,1659.0,28.0,1631.0,37,067,003909,39.09,Forsyth County
Census Tract 40.05; Forsyth County; North Carolina,2062.0,15.0,2047.0,37,067,004005,40.05,Forsyth County
Census Tract 40.07; Forsyth County; North Carolina,3017.0,198.0,2819.0,37,067,004007,40.07,Forsyth County
Census Tract 40.09; Forsyth County; North Carolina,1784.0,124.0,1660.0,37,067,004009,40.09,Forsyth County
Census Tract 40.10; Forsyth County; North Carolina,2454.0,25.0,2429.0,37,067,004010,40.10,Forsyth County
Census Tract 40.11; Forsyth County; North Carolina,2561.0,87.0,2474.0,37,067,004011,40.11,Forsyth County
Census Tract 40.12; Forsyth County; North Carolina,2400.0,242.0,2158.0,37,067,004012,40.12,Forsyth County
Census Tract 40.13; Forsyth County; North Carolina,1461.0,141.0,1320.0,37,067,004013,40.13,Forsyth County
Census Tract 40.14; Forsyth County; North Carolina,1773.0,79.0,1694.0,37,067,004014,40.14,Forsyth County
Census Tract 40.15; Forsyth County; North Carolina,1977.0,46.0,1931.0,37,067,004015,40.15,Forsyth County
Census Tract 41.02; Forsyth County; North Carolina,1166.0,164.0,1002.0,37,067,004102,41.02,Forsyth County
Census Tract 41.03; Forsyth County; North Carolina,1711.0,17.0,1694.0,37,067,004103,41.03,Forsyth County
Census Tract 41.04; Forsyth County; North Carolina,1583.0,111.0,1472.0,37,067,004104,41.04,Forsyth County
Census Tract 9301.01; Surry County; North Carolina,941.0,170.0,771.0,37,171,930101,9301.01,Surry County
Census Tract 9301.02; Surry County; North Carolina,1794.0,215.0,1579.0,37,171,930102,9301.02,Surry County
Census Tract 9302.01; Surry County; North Carolina,1278.0,342.0,936.0,37,171,930201,9302.01,Surry County
Census Tract 9302.02; Surry County; North Carolina,1487.0,293.0,1194.0,37,171,930202,9302.02,Surry County
Census Tract 9303.01; Surry County; North Carolina,832.0,68.0,764.0,37,171,930301,9303.01,Surry County
Census Tract 9303.02; Surry County; North Carolina,1559.0,253.0,1306.0,37,171,930302,9303.02,Surry County
Census Tract 9304; Surry County; North Carolina,1324.0,654.0,670.0,37,171,930400,9304,Surry County
Census Tract 9305.01; Surry County; North Carolina,1228.0,131.0,1097.0,37,171,930501,9305.01,Surry County
Census Tract 9305.02; Surry County; North Carolina,1292.0,371.0,921.0,37,171,930502,9305.02,Surry County
Census Tract 9306; Surry County; North Carolina,1375.0,269.0,1106.0,37,171,930600,9306,Surry County
Census Tract 9307; Surry County; North Carolina,1570.0,244.0,1326.0,37,171,930700,9307,Surry County
Census Tract 9308.02; Surry County; North Carolina,1135.0,179.0,956.0,37,171,930802,9308.02,Surry County
Census Tract 9308.03; Surry County; North Carolina,922.0,208.0,714.0,37,171,930803,9308.03,Surry County
Census Tract 9308.04; Surry County; North Carolina,1123.0,207.0,916.0,37,171,930804,9308.04,Surry County
Census Tract 9309.01; Surry County; North Carolina,1607.0,265.0,1342.0,37,171,930901,9309.01,Surry County
Census Tract 9309.02; Surry County; North Carolina,730.0,134.0,596.0,37,171,930902,9309.02,Surry County
Census Tract 9310.01; Surry County; North Carolina,1037.0,213.0,824.0,37,171,931001,9310.01,Surry County
Census Tract 9310.02; Surry County; North Carolina,1706.0,373.0,1333.0,37,171,931002,9310.02,Surry County
Census Tract 9310.03; Surry County; North Carolina,1147.0,252.0,895.0,37,171,931003,9310.03,Surry County
Census Tract 9311.01; Surry County; North Carolina,1195.0,204.0,991.0,37,171,931101,9311.01,Surry County
Census Tract 9311.02; Surry County; North Carolina,1583.0,338.0,1245.0,37,171,931102,9311.02,Surry County
Census Tract 9311.03; Surry County; North Carolina,843.0,64.0,779.0,37,171,931103,9311.03,Surry County
Census Tract 9312; Surry County; North Carolina,1658.0,200.0,1458.0,37,171,931200,9312,Surry County
Census Tract 301; Randolph County; North Carolina,1992.0,280.0,1712.0,37,151,030100,301,Randolph County
Census Tract 302.01; Randolph County; North Carolina,1635.0,311.0,1324.0,37,151,030201,302.01,Randolph County
Census Tract 302.02; Randolph County; North Carolina,2029.0,153.0,1876.0,37,151,030202,302.02,Randolph County
Census Tract 303.01; Randolph County; North Carolina,2587.0,236.0,2351.0,37,151,030301,303.01,Randolph County
Census Tract 303.02; Randolph County; North Carolina,1174.0,515.0,659.0,37,151,030302,303.02,Randolph County
Census Tract 304; Randolph County; North Carolina,2030.0,482.0,1548.0,37,151,030400,304,Randolph County
Census Tract 305.02; Randolph County; North Carolina,1918.0,106.0,1812.0,37,151,030502,305.02,Randolph County
Census Tract 305.03; Randolph County; North Carolina,1919.0,258.0,1661.0,37,151,030503,305.03,Randolph County
Census Tract 305.04; Randolph County; North Carolina,2372.0,374.0,1998.0,37,151,030504,305.04,Randolph County
Census Tract 306; Randolph County; North Carolina,2790.0,203.0,2587.0,37,151,030600,306,Randolph County
Census Tract 307; Randolph County; North Carolina,2528.0,223.0,2305.0,37,151,030700,307,Randolph County
Census Tract 308.03; Randolph County; North Carolina,1457.0,213.0,1244.0,37,151,030803,308.03,Randolph County
Census Tract 308.04; Randolph County; North Carolina,1197.0,208.0,989.0,37,151,030804,308.04,Randolph County
Census Tract 308.05; Randolph County; North Carolina,1478.0,299.0,1179.0,37,151,030805,308.05,Randolph County
Census Tract 308.06; Randolph County; North Carolina,1149.0,299.0,850.0,37,151,030806,308.06,Randolph County
Census Tract 309; Randolph County; North Carolina,1647.0,78.0,1569.0,37,151,030900,309,Randolph County
Census Tract 310.01; Randolph County; North Carolina,1201.0,261.0,940.0,37,151,031001,310.01,Randolph County
Census Tract 310.02; Randolph County; North Carolina,1487.0,218.0,1269.0,37,151,031002,310.02,Randolph County
Census Tract 311.01; Randolph County; North Carolina,1141.0,274.0,867.0,37,151,031101,311.01,Randolph County
Census Tract 311.02; Randolph County; North Carolina,867.0,216.0,651.0,37,151,031102,311.02,Randolph County
Census Tract 312; Randolph County; North Carolina,2158.0,670.0,1488.0,37,151,031200,312,Randolph County
Census Tract 313.03; Randolph County; North Carolina,1808.0,128.0,1680.0,37,151,031303,313.03,Randolph County
Census Tract 313.04; Randolph County; North Carolina,1844.0,203.0,1641.0,37,151,031304,313.04,Randolph County
Census Tract 313.05; Randolph County; North Carolina,1590.0,582.0,1008.0,37,151,031305,313.05,Randolph County
Census Tract 313.07; Randolph County; North Carolina,1548.0,96.0,1452.0,37,151,031307,313.07,Randolph County
Census Tract 313.08; Randolph County; North Carolina,1059.0,119.0,940.0,37,151,031308,313.08,Randolph County
Census Tract 314.01; Randolph County; North Carolina,1989.0,373.0,1616.0,37,151,031401,314.01,Randolph County
Census Tract 314.02; Randolph County; North Carolina,1318.0,236.0,1082.0,37,151,031402,314.02,Randolph County
Census Tract 315.01; Randolph County; North Carolina,2054.0,246.0,1808.0,37,151,031501,315.01,Randolph County
Census Tract 315.03; Randolph County; North Carolina,1271.0,86.0,1185.0,37,151,031503,315.03,Randolph County
Census Tract 315.04; Randolph County; North Carolina,2238.0,102.0,2136.0,37,151,031504,315.04,Randolph County
Census Tract 315.05; Randolph County; North Carolina,1381.0,294.0,1087.0,37,151,031505,315.05,Randolph County
Census Tract 316.01; Randolph County; North Carolina,1550.0,198.0,1352.0,37,151,031601,316.01,Randolph County
Census Tract 316.02; Randolph County; North Carolina,564.0,152.0,412.0,37,151,031602,316.02,Randolph County
Census Tract 601.01; Davidson County; North Carolina,2586.0,255.0,2331.0,37,057,060101,601.01,Davidson County
Census Tract 601.03; Davidson County; North Carolina,1132.0,15.0,1117.0,37,057,060103,601.03,Davidson County
Census Tract 601.04; Davidson County; North Carolina,2226.0,138.0,2088.0,37,057,060104,601.04,Davidson County
Census Tract 602.01; Davidson County; North Carolina,1664.0,42.0,1622.0,37,057,060201,602.01,Davidson County
Census Tract 602.02; Davidson County; North Carolina,971.0,107.0,864.0,37,057,060202,602.02,Davidson County
Census Tract 602.03; Davidson County; North Carolina,2489.0,153.0,2336.0,37,057,060203,602.03,Davidson County
Census Tract 603.01; Davidson County; North Carolina,2149.0,96.0,2053.0,37,057,060301,603.01,Davidson County
Census Tract 603.02; Davidson County; North Carolina,2054.0,186.0,1868.0,37,057,060302,603.02,Davidson County
Census Tract 603.03; Davidson County; North Carolina,1897.0,64.0,1833.0,37,057,060303,603.03,Davidson County
Census Tract 603.04; Davidson County; North Carolina,1344.0,105.0,1239.0,37,057,060304,603.04,Davidson County
Census Tract 604; Davidson County; North Carolina,2046.0,376.0,1670.0,37,057,060400,604,Davidson County
Census Tract 605; Davidson County; North Carolina,2477.0,359.0,2118.0,37,057,060500,605,Davidson County
Census Tract 606.01; Davidson County; North Carolina,1611.0,164.0,1447.0,37,057,060601,606.01,Davidson County
Census Tract 606.02; Davidson County; North Carolina,1305.0,54.0,1251.0,37,057,060602,606.02,Davidson County
Census Tract 607; Davidson County; North Carolina,2271.0,505.0,1766.0,37,057,060700,607,Davidson County
Census Tract 608; Davidson County; North Carolina,1838.0,507.0,1331.0,37,057,060800,608,Davidson County
Census Tract 609; Davidson County; North Carolina,1920.0,390.0,1530.0,37,057,060900,609,Davidson County
Census Tract 610; Davidson County; North Carolina,2099.0,395.0,1704.0,37,057,061000,610,Davidson County
Census Tract 611.01; Davidson County; North Carolina,1117.0,173.0,944.0,37,057,061101,611.01,Davidson County
Census Tract 611.02; Davidson County; North Carolina,2045.0,222.0,1823.0,37,057,061102,611.02,Davidson County
Census Tract 612.02; Davidson County; North Carolina,1242.0,148.0,1094.0,37,057,061202,612.02,Davidson County
Census Tract 612.03; Davidson County; North Carolina,1841.0,270.0,1571.0,37,057,061203,612.03,Davidson County
Census Tract 612.04; Davidson County; North Carolina,1046.0,227.0,819.0,37,057,061204,612.04,Davidson County
Census Tract 613; Davidson County; North Carolina,917.0,232.0,685.0,37,057,061300,613,Davidson County
Census Tract 614; Davidson County; North Carolina,1054.0,449.0,605.0,37,057,061400,614,Davidson County
Census Tract 615.01; Davidson County; North Carolina,1516.0,447.0,1069.0,37,057,061501,615.01,Davidson County
Census Tract 615.02; Davidson County; North Carolina,1094.0,231.0,863.0,37,057,061502,615.02,Davidson County
Census Tract 616; Davidson County; North Carolina,1345.0,481.0,864.0,37,057,061600,616,Davidson County
Census Tract 617.01; Davidson County; North Carolina,1866.0,80.0,1786.0,37,057,061701,617.01,Davidson County
Census Tract 617.03; Davidson County; North Carolina,1769.0,292.0,1477.0,37,057,061703,617.03,Davidson County
Census Tract 617.04; Davidson County; North Carolina,1410.0,127.0,1283.0,37,057,061704,617.04,Davidson County
Census Tract 617.05; Davidson County; North Carolina,1339.0,75.0,1264.0,37,057,061705,617.05,Davidson County
Census Tract 618.03; Davidson County; North Carolina,1285.0,205.0,1080.0,37,057,061803,618.03,Davidson County
Census Tract 618.05; Davidson County; North Carolina,1201.0,71.0,1130.0,37,057,061805,618.05,Davidson County
Census Tract 618.06; Davidson County; North Carolina,1162.0,133.0,1029.0,37,057,061806,618.06,Davidson County
Census Tract 618.07; Davidson County; North Carolina,1103.0,257.0,846.0,37,057,061807,618.07,Davidson County
Census Tract 618.08; Davidson County; North Carolina,1880.0,288.0,1592.0,37,057,061808,618.08,Davidson County
Census Tract 619.02; Davidson County; North Carolina,2254.0,225.0,2029.0,37,057,061902,619.02,Davidson County
Census Tract 619.03; Davidson County; North Carolina,1402.0,354.0,1048.0,37,057,061903,619.03,Davidson County
Census Tract 619.04; Davidson County; North Carolina,1023.0,76.0,947.0,37,057,061904,619.04,Davidson County
Census Tract 620.01; Davidson County; North Carolina,1930.0,284.0,1646.0,37,057,062001,620.01,Davidson County
Census Tract 620.02; Davidson County; North Carolina,1592.0,295.0,1297.0,37,057,062002,620.02,Davidson County
Census Tract 201; Alamance County; North Carolina,2004.0,443.0,1561.0,37,001,020100,201,Alamance County
Census Tract 202; Alamance County; North Carolina,1617.0,562.0,1055.0,37,001,020200,202,Alamance County
Census Tract 203.01; Alamance County; North Carolina,1601.0,162.0,1439.0,37,001,020301,203.01,Alamance County
Census Tract 203.02; Alamance County; North Carolina,1132.0,151.0,981.0,37,001,020302,203.02,Alamance County
Census Tract 204; Alamance County; North Carolina,2814.0,1195.0,1619.0,37,001,020400,204,Alamance County
Census Tract 205.01; Alamance County; North Carolina,1311.0,176.0,1135.0,37,001,020501,205.01,Alamance County
Census Tract 205.02; Alamance County; North Carolina,1431.0,334.0,1097.0,37,001,020502,205.02,Alamance County
Census Tract 206.01; Alamance County; North Carolina,1414.0,21.0,1393.0,37,001,020601,206.01,Alamance County
Census Tract 206.02; Alamance County; North Carolina,1243.0,91.0,1152.0,37,001,020602,206.02,Alamance County
Census Tract 207.01; Alamance County; North Carolina,2623.0,23.0,2600.0,37,001,020701,207.01,Alamance County
Census Tract 207.02; Alamance County; North Carolina,2547.0,583.0,1964.0,37,001,020702,207.02,Alamance County
Census Tract 208.01; Alamance County; North Carolina,750.0,258.0,492.0,37,001,020801,208.01,Alamance County
Census Tract 208.02; Alamance County; North Carolina,2277.0,637.0,1640.0,37,001,020802,208.02,Alamance County
Census Tract 209.01; Alamance County; North Carolina,1722.0,207.0,1515.0,37,001,020901,209.01,Alamance County
Census Tract 209.02; Alamance County; North Carolina,1742.0,190.0,1552.0,37,001,020902,209.02,Alamance County
Census Tract 210; Alamance County; North Carolina,1922.0,696.0,1226.0,37,001,021000,210,Alamance County
Census Tract 211.01; Alamance County; North Carolina,2036.0,135.0,1901.0,37,001,021101,211.01,Alamance County
Census Tract 211.02; Alamance County; North Carolina,1357.0,152.0,1205.0,37,001,021102,211.02,Alamance County
Census Tract 212.01; Alamance County; North Carolina,2224.0,328.0,1896.0,37,001,021201,212.01,Alamance County
Census Tract 212.04; Alamance County; North Carolina,1987.0,114.0,1873.0,37,001,021204,212.04,Alamance County
Census Tract 212.05; Alamance County; North Carolina,3401.0,298.0,3103.0,37,001,021205,212.05,Alamance County
Census Tract 212.06; Alamance County; North Carolina,2186.0,303.0,1883.0,37,001,021206,212.06,Alamance County
Census Tract 212.07; Alamance County; North Carolina,1611.0,95.0,1516.0,37,001,021207,212.07,Alamance County
Census Tract 213; Alamance County; North Carolina,2362.0,279.0,2083.0,37,001,021300,213,Alamance County
Census Tract 214; Alamance County; North Carolina,1070.0,119.0,951.0,37,001,021400,214,Alamance County
Census Tract 215; Alamance County; North Carolina,1564.0,136.0,1428.0,37,001,021500,215,Alamance County
Census Tract 216; Alamance County; North Carolina,2363.0,338.0,2025.0,37,001,021600,216,Alamance County
Census Tract 217.01; Alamance County; North Carolina,1533.0,9.0,1524.0,37,001,021701,217.01,Alamance County
Census Tract 217.02; Alamance County; North Carolina,1902.0,92.0,1810.0,37,001,021702,217.02,Alamance County
Census Tract 217.03; Alamance County; North Carolina,3543.0,164.0,3379.0,37,001,021703,217.03,Alamance County
Census Tract 218.01; Alamance County; North Carolina,1818.0,79.0,1739.0,37,001,021801,218.01,Alamance County
Census Tract 218.02; Alamance County; North Carolina,1427.0,151.0,1276.0,37,001,021802,218.02,Alamance County
Census Tract 218.03; Alamance County; North Carolina,1089.0,167.0,922.0,37,001,021803,218.03,Alamance County
Census Tract 219.01; Alamance County; North Carolina,1962.0,237.0,1725.0,37,001,021901,219.01,Alamance County
Census Tract 219.02; Alamance County; North Carolina,1719.0,310.0,1409.0,37,001,021902,219.02,Alamance County
Census Tract 220.01; Alamance County; North Carolina,1439.0,124.0,1315.0,37,001,022001,220.01,Alamance County
Census Tract 220.02; Alamance County; North Carolina,1698.0,243.0,1455.0,37,001,022002,220.02,Alamance County
Census Tract 401.01; Rockingham County; North Carolina,1736.0,93.0,1643.0,37,157,040101,401.01,Rockingham County
Census Tract 401.02; Rockingham County; North Carolina,995.0,222.0,773.0,37,157,040102,401.02,Rockingham County
Census Tract 402; Rockingham County; North Carolina,1474.0,410.0,1064.0,37,157,040200,402,Rockingham County
Census Tract 403; Rockingham County; North Carolina,1943.0,443.0,1500.0,37,157,040300,403,Rockingham County
Census Tract 404; Rockingham County; North Carolina,2257.0,601.0,1656.0,37,157,040400,404,Rockingham County
Census Tract 405.01; Rockingham County; North Carolina,1503.0,378.0,1125.0,37,157,040501,405.01,Rockingham County
Census Tract 405.02; Rockingham County; North Carolina,1259.0,152.0,1107.0,37,157,040502,405.02,Rockingham County
Census Tract 406.01; Rockingham County; North Carolina,1810.0,214.0,1596.0,37,157,040601,406.01,Rockingham County
Census Tract 406.02; Rockingham County; North Carolina,1758.0,217.0,1541.0,37,157,040602,406.02,Rockingham County
Census Tract 407; Rockingham County; North Carolina,1940.0,437.0,1503.0,37,157,040700,407,Rockingham County
Census Tract 408; Rockingham County; North Carolina,843.0,192.0,651.0,37,157,040800,408,Rockingham County
Census Tract 409; Rockingham County; North Carolina,1135.0,298.0,837.0,37,157,040900,409,Rockingham County
Census Tract 410.01; Rockingham County; North Carolina,2653.0,390.0,2263.0,37,157,041001,410.01,Rockingham County
Census Tract 410.02; Rockingham County; North Carolina,2490.0,179.0,2311.0,37,157,041002,410.02,Rockingham County
Census Tract 411; Rockingham County; North Carolina,2480.0,397.0,2083.0,37,157,041100,411,Rockingham County
Census Tract 412; Rockingham County; North Carolina,2253.0,750.0,1503.0,37,157,041200,412,Rockingham County
Census Tract 413; Rockingham County; North Carolina,2638.0,333.0,2305.0,37,157,041300,413,Rockingham County
Census Tract 414; Rockingham County; North Carolina,1327.0,483.0,844.0,37,157,041400,414,Rockingham County
Census Tract 415.01; Rockingham County; North Carolina,622.0,101.0,521.0,37,157,041501,415.01,Rockingham County
Census Tract 415.02; Rockingham County; North Carolina,2608.0,396.0,2212.0,37,157,041502,415.02,Rockingham County
Census Tract 416.01; Rockingham County; North Carolina,1410.0,75.0,1335.0,37,157,041601,416.01,Rockingham County
Census Tract 416.02; Rockingham County; North Carolina,1884.0,137.0,1747.0,37,157,041602,416.02,Rockingham County
Census Tract 801.01; Davie County; North Carolina,1699.0,358.0,1341.0,37,059,080101,801.01,Davie County
Census Tract 801.02; Davie County; North Carolina,1246.0,185.0,1061.0,37,059,080102,801.02,Davie County
Census Tract 802; Davie County; North Carolina,2430.0,101.0,2329.0,37,059,080200,802,Davie County
Census Tract 803.01; Davie County; North Carolina,2501.0,55.0,2446.0,37,059,080301,803.01,Davie County
Census Tract 803.02; Davie County; North Carolina,1250.0,9.0,1241.0,37,059,080302,803.02,Davie County
Census Tract 804; Davie County; North Carolina,2166.0,240.0,1926.0,37,059,080400,804,Davie County
Census Tract 805; Davie County; North Carolina,1794.0,346.0,1448.0,37,059,080500,805,Davie County
Census Tract 806; Davie County; North Carolina,1644.0,158.0,1486.0,37,059,080600,806,Davie County
Census Tract 807.01; Davie County; North Carolina,1180.0,156.0,1024.0,37,059,080701,807.01,Davie County
Census Tract 807.02; Davie County; North Carolina,963.0,218.0,745.0,37,059,080702,807.02,Davie County
Census Tract 9201; Watauga County; North Carolina,1692.0,143.0,1549.0,37,189,920100,9201,Watauga County
Census Tract 9202; Watauga County; North Carolina,1751.0,156.0,1595.0,37,189,920200,9202,Watauga County
Census Tract 9203; Watauga County; North Carolina,1213.0,138.0,1075.0,37,189,920300,9203,Watauga County
Census Tract 9204; Watauga County; North Carolina,3726.0,265.0,3461.0,37,189,920400,9204,Watauga County
Census Tract 9205; Watauga County; North Carolina,1070.0,97.0,973.0,37,189,920500,9205,Watauga County
Census Tract 9206.01; Watauga County; North Carolina,2339.0,195.0,2144.0,37,189,920601,9206.01,Watauga County
Census Tract 9206.02; Watauga County; North Carolina,1177.0,0.0,1177.0,37,189,920602,9206.02,Watauga County
Census Tract 9207.01; Watauga County; North Carolina,889.0,37.0,852.0,37,189,920701,9207.01,Watauga County
Census Tract 9207.02; Watauga County; North Carolina,1236.0,92.0,1144.0,37,189,920702,9207.02,Watauga County
Census Tract 9207.03; Watauga County; North Carolina,2756.0,161.0,2595.0,37,189,920703,9207.03,Watauga County
Census Tract 9208; Watauga County; North Carolina,1164.0,89.0,1075.0,37,189,920800,9208,Watauga County
Census Tract 9209; Watauga County; North Carolina,1780.0,148.0,1632.0,37,189,920900,9209,Watauga County
Census Tract 9210; Watauga County; North Carolina,394.0,16.0,378.0,37,189,921000,9210,Watauga County
Census Tract 9601.01; Wilkes County; North Carolina,1385.0,152.0,1233.0,37,193,960101,9601.01,Wilkes County
Census Tract 9601.02; Wilkes County; North Carolina,1495.0,276.0,1219.0,37,193,960102,9601.02,Wilkes County
Census Tract 9602; Wilkes County; North Carolina,1538.0,325.0,1213.0,37,193,960200,9602,Wilkes County
Census Tract 9603; Wilkes County; North Carolina,2305.0,285.0,2020.0,37,193,960300,9603,Wilkes County
Census Tract 9604.01; Wilkes County; North Carolina,1369.0,140.0,1229.0,37,193,960401,9604.01,Wilkes County
Census Tract 9604.02; Wilkes County; North Carolina,1387.0,121.0,1266.0,37,193,960402,9604.02,Wilkes County
Census Tract 9605; Wilkes County; North Carolina,1407.0,381.0,1026.0,37,193,960500,9605,Wilkes County
Census Tract 9606; Wilkes County; North Carolina,1281.0,337.0,944.0,37,193,960600,9606,Wilkes County
Census Tract 9607; Wilkes County; North Carolina,1730.0,526.0,1204.0,37,193,960700,9607,Wilkes County
Census Tract 9608.01; Wilkes County; North Carolina,1432.0,222.0,1210.0,37,193,960801,9608.01,Wilkes County
Census Tract 9608.02; Wilkes County; North Carolina,1772.0,265.0,1507.0,37,193,960802,9608.02,Wilkes County
Census Tract 9609.01; Wilkes County; North Carolina,854.0,74.0,780.0,37,193,960901,9609.01,Wilkes County
Census Tract 9609.02; Wilkes County; North Carolina,1148.0,197.0,951.0,37,193,960902,9609.02,Wilkes County
Census Tract 9610.01; Wilkes County; North Carolina,1680.0,209.0,1471.0,37,193,961001,9610.01,Wilkes County
Census Tract 9610.02; Wilkes County; North Carolina,2042.0,82.0,1960.0,37,193,961002,9610.02,Wilkes County
Census Tract 9611; Wilkes County; North Carolina,1495.0,156.0,1339.0,37,193,961100,9611,Wilkes County
Census Tract 9612.01; Wilkes County; North Carolina,1513.0,141.0,1372.0,37,193,961201,9612.01,Wilkes County
Census Tract 9612.02; Wilkes County; North Carolina,1142.0,173.0,969.0,37,193,961202,9612.02,Wilkes County
Census Tract 501.01; Yadkin County; North Carolina,2166.0,342.0,1824.0,37,197,050101,501.01,Yadkin County
Census Tract 501.02; Yadkin County; North Carolina,1537.0,230.0,1307.0,37,197,050102,501.02,Yadkin County
Census Tract 502; Yadkin County; North Carolina,1878.0,145.0,1733.0,37,197,050200,502,Yadkin County
Census Tract 503; Yadkin County; North Carolina,2564.0,391.0,2173.0,37,197,050300,503,Yadkin County
Census Tract 504.01; Yadkin County; North Carolina,1170.0,93.0,1077.0,37,197,050401,504.01,Yadkin County
Census Tract 504.02; Yadkin County; North Carolina,1090.0,134.0,956.0,37,197,050402,504.02,Yadkin County
Census Tract 505.02; Yadkin County; North Carolina,1727.0,143.0,1584.0,37,197,050502,505.02,Yadkin County
Census Tract 505.03; Yadkin County; North Carolina,1371.0,254.0,1117.0,37,197,050503,505.03,Yadkin County
Census Tract 505.04; Yadkin County; North Carolina,1390.0,229.0,1161.0,37,197,050504,505.04,Yadkin County
Census Tract 9702; Ashe County; North Carolina,1111.0,160.0,951.0,37,009,970200,9702,Ashe County
Census Tract 9703; Ashe County; North Carolina,1093.0,207.0,886.0,37,009,970300,9703,Ashe County
Census Tract 9704; Ashe County; North Carolina,2236.0,268.0,1968.0,37,009,970400,9704,Ashe County
Census Tract 9705.01; Ashe County; North Carolina,1244.0,274.0,970.0,37,009,970501,9705.01,Ashe County
Census Tract 9705.02; Ashe County; North Carolina,1235.0,315.0,920.0,37,009,970502,9705.02,Ashe County
Census Tract 9707.01; Ashe County; North Carolina,1952.0,46.0,1906.0,37,009,970701,9707.01,Ashe County
Census Tract 9707.02; Ashe County; North Carolina,990.0,20.0,970.0,37,009,970702,9707.02,Ashe County
Census Tract 9708.01; Ashe County; North Carolina,1009.0,102.0,907.0,37,009,970801,9708.01,Ashe County
Census Tract 9708.02; Ashe County; North Carolina,1129.0,283.0,846.0,37,009,970802,9708.02,Ashe County
Census Tract 9301; Avery County; North Carolina,1176.0,116.0,1060.0,37,011,930100,9301,Avery County
Census Tract 9302; Avery County; North Carolina,1380.0,97.0,1283.0,37,011,930200,9302,Avery County
Census Tract 9303.01; Avery County; North Carolina,1609.0,257.0,1352.0,37,011,930301,9303.01,Avery County
Census Tract 9303.02; Avery County; North Carolina,1116.0,196.0,920.0,37,011,930302,9303.02,Avery County
Census Tract 9304; Avery County; North Carolina,1278.0,79.0,1199.0,37,011,930400,9304,Avery County
Census Tract 201; Burke County; North Carolina,1714.0,573.0,1141.0,37,023,020100,201,Burke County
Census Tract 202.02; Burke County; North Carolina,1664.0,343.0,1321.0,37,023,020202,202.02,Burke County
Census Tract 202.03; Burke County; North Carolina,1177.0,93.0,1084.0,37,023,020203,202.03,Burke County
Census Tract 202.04; Burke County; North Carolina,1176.0,102.0,1074.0,37,023,020204,202.04,Burke County
Census Tract 203.01; Burke County; North Carolina,2090.0,373.0,1717.0,37,023,020301,203.01,Burke County
Census Tract 203.03; Burke County; North Carolina,1965.0,289.0,1676.0,37,023,020303,203.03,Burke County
Census Tract 203.04; Burke County; North Carolina,1076.0,184.0,892.0,37,023,020304,203.04,Burke County
Census Tract 205; Burke County; North Carolina,1229.0,269.0,960.0,37,023,020500,205,Burke County
Census Tract 206; Burke County; North Carolina,2569.0,517.0,2052.0,37,023,020600,206,Burke County
Census Tract 208.01; Burke County; North Carolina,2383.0,351.0,2032.0,37,023,020801,208.01,Burke County
Census Tract 208.02; Burke County; North Carolina,1230.0,66.0,1164.0,37,023,020802,208.02,Burke County
Census Tract 209.01; Burke County; North Carolina,1512.0,134.0,1378.0,37,023,020901,209.01,Burke County
Census Tract 209.02; Burke County; North Carolina,1676.0,343.0,1333.0,37,023,020902,209.02,Burke County
Census Tract 210; Burke County; North Carolina,2193.0,296.0,1897.0,37,023,021000,210,Burke County
Census Tract 211; Burke County; North Carolina,2383.0,324.0,2059.0,37,023,021100,211,Burke County
Census Tract 212.01; Burke County; North Carolina,1701.0,252.0,1449.0,37,023,021201,212.01,Burke County
Census Tract 212.02; Burke County; North Carolina,1915.0,303.0,1612.0,37,023,021202,212.02,Burke County
Census Tract 212.03; Burke County; North Carolina,1445.0,120.0,1325.0,37,023,021203,212.03,Burke County
Census Tract 213.01; Burke County; North Carolina,1785.0,283.0,1502.0,37,023,021301,213.01,Burke County
Census Tract 213.02; Burke County; North Carolina,1237.0,142.0,1095.0,37,023,021302,213.02,Burke County
Census Tract 214; Burke County; North Carolina,1753.0,467.0,1286.0,37,023,021400,214,Burke County
Census Tract 9301; Caswell County; North Carolina,864.0,122.0,742.0,37,033,930100,9301,Caswell County
Census Tract 9302; Caswell County; North Carolina,1885.0,564.0,1321.0,37,033,930200,9302,Caswell County
Census Tract 9303; Caswell County; North Carolina,1600.0,309.0,1291.0,37,033,930300,9303,Caswell County
Census Tract 9304; Caswell County; North Carolina,899.0,202.0,697.0,37,033,930400,9304,Caswell County
Census Tract 9305; Caswell County; North Carolina,1466.0,273.0,1193.0,37,033,930500,9305,Caswell County
Census Tract 9306; Caswell County; North Carolina,1963.0,202.0,1761.0,37,033,930600,9306,Caswell County
Census Tract 701.01; Stokes County; North Carolina,1405.0,71.0,1334.0,37,169,070101,701.01,Stokes County
Census Tract 701.02; Stokes County; North Carolina,1308.0,154.0,1154.0,37,169,070102,701.02,Stokes County
Census Tract 702; Stokes County; North Carolina,1591.0,121.0,1470.0,37,169,070200,702,Stokes County
Census Tract 703.01; Stokes County; North Carolina,1211.0,176.0,1035.0,37,169,070301,703.01,Stokes County
Census Tract 703.02; Stokes County; North Carolina,818.0,210.0,608.0,37,169,070302,703.02,Stokes County
Census Tract 704; Stokes County; North Carolina,2171.0,158.0,2013.0,37,169,070400,704,Stokes County
Census Tract 705.03; Stokes County; North Carolina,2183.0,160.0,2023.0,37,169,070503,705.03,Stokes County
Census Tract 705.04; Stokes County; North Carolina,1479.0,336.0,1143.0,37,169,070504,705.04,Stokes County
Census Tract 705.05; Stokes County; North Carolina,1482.0,227.0,1255.0,37,169,070505,705.05,Stokes County
Census Tract 705.06; Stokes County; North Carolina,1452.0,501.0,951.0,37,169,070506,705.06,Stokes County
Census Tract 706; Stokes County; North Carolina,2076.0,237.0,1839.0,37,169,070600,706,Stokes County
Census Tract 707.01; Stokes County; North Carolina,1264.0,329.0,935.0,37,169,070701,707.01,Stokes County
Census Tract 707.02; Stokes County; North Carolina,934.0,236.0,698.0,37,169,070702,707.02,Stokes County
Census Tract 9501; Alleghany County; North Carolina,1857.0,221.0,1636.0,37,005,950100,9501,Alleghany County
Census Tract 9502; Alleghany County; North Carolina,1831.0,244.0,1587.0,37,005,950200,9502,Alleghany County
Census Tract 9503; Alleghany County; North Carolina,1361.0,129.0,1232.0,37,005,950300,9503,Alleghany County
Census Tract 201.03; Chatham County; North Carolina,2120.0,140.0,1980.0,37,037,020103,201.03,Chatham County
Census Tract 201.04; Chatham County; North Carolina,2837.0,148.0,2689.0,37,037,020104,201.04,Chatham County
Census Tract 201.05; Chatham County; North Carolina,3075.0,59.0,3016.0,37,037,020105,201.05,Chatham County
Census Tract 201.07; Chatham County; North Carolina,1038.0,84.0,954.0,37,037,020107,201.07,Chatham County
Census Tract 201.08; Chatham County; North Carolina,793.0,32.0,761.0,37,037,020108,201.08,Chatham County
Census Tract 202.01; Chatham County; North Carolina,1366.0,19.0,1347.0,37,037,020201,202.01,Chatham County
Census Tract 202.02; Chatham County; North Carolina,1579.0,58.0,1521.0,37,037,020202,202.02,Chatham County
Census Tract 202.03; Chatham County; North Carolina,1038.0,28.0,1010.0,37,037,020203,202.03,Chatham County
Census Tract 203; Chatham County; North Carolina,1105.0,30.0,1075.0,37,037,020300,203,Chatham County
Census Tract 204.01; Chatham County; North Carolina,2120.0,463.0,1657.0,37,037,020401,204.01,Chatham County
Census Tract 204.02; Chatham County; North Carolina,1739.0,213.0,1526.0,37,037,020402,204.02,Chatham County
Census Tract 205; Chatham County; North Carolina,1428.0,100.0,1328.0,37,037,020500,205,Chatham County
Census Tract 206; Chatham County; North Carolina,1901.0,112.0,1789.0,37,037,020600,206,Chatham County
Census Tract 207.02; Chatham County; North Carolina,2003.0,191.0,1812.0,37,037,020702,207.02,Chatham County
Census Tract 207.03; Chatham County; North Carolina,2497.0,19.0,2478.0,37,037,020703,207.03,Chatham County
Census Tract 207.04; Chatham County; North Carolina,1265.0,0.0,1265.0,37,037,020704,207.04,Chatham County
Census Tract 208.01; Chatham County; North Carolina,2208.0,225.0,1983.0,37,037,020801,208.01,Chatham County
Census Tract 208.02; Chatham County; North Carolina,1077.0,200.0,877.0,37,037,020802,208.02,Chatham County
Census Tract 208.03; Chatham County; North Carolina,1064.0,35.0,1029.0,37,037,020803,208.03,Chatham County
Census Tract 401; Alexander County; North Carolina,1290.0,78.0,1212.0,37,003,040100,401,Alexander County
Census Tract 402; Alexander County; North Carolina,1665.0,198.0,1467.0,37,003,040200,402,Alexander County
Census Tract 403; Alexander County; North Carolina,1366.0,135.0,1231.0,37,003,040300,403,Alexander County
Census Tract 404; Alexander County; North Carolina,2622.0,546.0,2076.0,37,003,040400,404,Alexander County
Census Tract 405; Alexander County; North Carolina,2601.0,188.0,2413.0,37,003,040500,405,Alexander County
Census Tract 406; Alexander County; North Carolina,1680.0,68.0,1612.0,37,003,040600,406,Alexander County
Census Tract 407; Alexander County; North Carolina,2671.0,172.0,2499.0,37,003,040700,407,Alexander County
Census Tract 601; Iredell County; North Carolina,2617.0,185.0,2432.0,37,097,060100,601,Iredell County
Census Tract 602; Iredell County; North Carolina,891.0,207.0,684.0,37,097,060200,602,Iredell County
Census Tract 603; Iredell County; North Carolina,1017.0,244.0,773.0,37,097,060300,603,Iredell County
Census Tract 604; Iredell County; North Carolina,1575.0,415.0,1160.0,37,097,060400,604,Iredell County
Census Tract 605; Iredell County; North Carolina,1658.0,104.0,1554.0,37,097,060500,605,Iredell County
Census Tract 606.01; Iredell County; North Carolina,2525.0,333.0,2192.0,37,097,060601,606.01,Iredell County
Census Tract 606.02; Iredell County; North Carolina,739.0,21.0,718.0,37,097,060602,606.02,Iredell County
Census Tract 606.03; Iredell County; North Carolina,601.0,165.0,436.0,37,097,060603,606.03,Iredell County
Census Tract 607.01; Iredell County; North Carolina,1256.0,235.0,1021.0,37,097,060701,607.01,Iredell County
Census Tract 607.02; Iredell County; North Carolina,1632.0,176.0,1456.0,37,097,060702,607.02,Iredell County
Census Tract 607.03; Iredell County; North Carolina,1062.0,151.0,911.0,37,097,060703,607.03,Iredell County
Census Tract 608.01; Iredell County; North Carolina,1458.0,65.0,1393.0,37,097,060801,608.01,Iredell County
Census Tract 608.02; Iredell County; North Carolina,1332.0,93.0,1239.0,37,097,060802,608.02,Iredell County
Census Tract 609.01; Iredell County; North Carolina,1405.0,244.0,1161.0,37,097,060901,609.01,Iredell County
Census Tract 609.02; Iredell County; North Carolina,1487.0,154.0,1333.0,37,097,060902,609.02,Iredell County
Census Tract 610.01; Iredell County; North Carolina,1904.0,108.0,1796.0,37,097,061001,610.01,Iredell County
Census Tract 610.02; Iredell County; North Carolina,1569.0,127.0,1442.0,37,097,061002,610.02,Iredell County
Census Tract 610.03; Iredell County; North Carolina,1636.0,217.0,1419.0,37,097,061003,610.03,Iredell County
Census Tract 611.01; Iredell County; North Carolina,971.0,85.0,886.0,37,097,061101,611.01,Iredell County
Census Tract 611.02; Iredell County; North Carolina,1407.0,203.0,1204.0,37,097,061102,611.02,Iredell County
Census Tract 611.03; Iredell County; North Carolina,1213.0,192.0,1021.0,37,097,061103,611.03,Iredell County
Census Tract 611.04; Iredell County; North Carolina,903.0,117.0,786.0,37,097,061104,611.04,Iredell County
Census Tract 612.01; Iredell County; North Carolina,1776.0,49.0,1727.0,37,097,061201,612.01,Iredell County
Census Tract 612.02; Iredell County; North Carolina,2137.0,95.0,2042.0,37,097,061202,612.02,Iredell County
Census Tract 612.03; Iredell County; North Carolina,2451.0,51.0,2400.0,37,097,061203,612.03,Iredell County
Census Tract 612.04; Iredell County; North Carolina,1568.0,19.0,1549.0,37,097,061204,612.04,Iredell County
Census Tract 612.05; Iredell County; North Carolina,1631.0,24.0,1607.0,37,097,061205,612.05,Iredell County
Census Tract 613.01; Iredell County; North Carolina,1091.0,166.0,925.0,37,097,061301,613.01,Iredell County
Census Tract 613.02; Iredell County; North Carolina,2078.0,104.0,1974.0,37,097,061302,613.02,Iredell County
Census Tract 613.03; Iredell County; North Carolina,2048.0,76.0,1972.0,37,097,061303,613.03,Iredell County
Census Tract 613.04; Iredell County; North Carolina,2363.0,177.0,2186.0,37,097,061304,613.04,Iredell County
Census Tract 614.01; Iredell County; North Carolina,1948.0,37.0,1911.0,37,097,061401,614.01,Iredell County
Census Tract 614.02; Iredell County; North Carolina,3079.0,129.0,2950.0,37,097,061402,614.02,Iredell County
Census Tract 614.03; Iredell County; North Carolina,1880.0,112.0,1768.0,37,097,061403,614.03,Iredell County
Census Tract 614.04; Iredell County; North Carolina,1605.0,126.0,1479.0,37,097,061404,614.04,Iredell County
Census Tract 614.05; Iredell County; North Carolina,1318.0,34.0,1284.0,37,097,061405,614.05,Iredell County
Census Tract 614.06; Iredell County; North Carolina,1926.0,22.0,1904.0,37,097,061406,614.06,Iredell County
Census Tract 614.07; Iredell County; North Carolina,2110.0,22.0,2088.0,37,097,061407,614.07,Iredell County
Census Tract 614.08; Iredell County; North Carolina,1679.0,32.0,1647.0,37,097,061408,614.08,Iredell County
Census Tract 615.01; Iredell County; North Carolina,1780.0,283.0,1497.0,37,097,061501,615.01,Iredell County
Census Tract 615.02; Iredell County; North Carolina,1585.0,116.0,1469.0,37,097,061502,615.02,Iredell County
Census Tract 615.03; Iredell County; North Carolina,1965.0,126.0,1839.0,37,097,061503,615.03,Iredell County
Census Tract 616.01; Iredell County; North Carolina,1232.0,273.0,959.0,37,097,061601,616.01,Iredell County
Census Tract 616.03; Iredell County; North Carolina,2186.0,148.0,2038.0,37,097,061603,616.03,Iredell County
Census Tract 616.04; Iredell County; North Carolina,582.0,38.0,544.0,37,097,061604,616.04,Iredell County
Census Tract 616.05; Iredell County; North Carolina,1037.0,17.0,1020.0,37,097,061605,616.05,Iredell County
Census Tract 107.01; Orange County; North Carolina,858.0,48.0,810.0,37,135,010701,107.01,Orange County
Census Tract 107.05; Orange County; North Carolina,2104.0,125.0,1979.0,37,135,010705,107.05,Orange County
Census Tract 107.06; Orange County; North Carolina,1258.0,37.0,1221.0,37,135,010706,107.06,Orange County
Census Tract 107.07; Orange County; North Carolina,1700.0,161.0,1539.0,37,135,010707,107.07,Orange County
Census Tract 107.08; Orange County; North Carolina,1419.0,165.0,1254.0,37,135,010708,107.08,Orange County
Census Tract 107.09; Orange County; North Carolina,884.0,111.0,773.0,37,135,010709,107.09,Orange County
Census Tract 107.10; Orange County; North Carolina,1440.0,19.0,1421.0,37,135,010710,107.10,Orange County
Census Tract 108.02; Orange County; North Carolina,1794.0,10.0,1784.0,37,135,010802,108.02,Orange County
Census Tract 108.03; Orange County; North Carolina,1250.0,96.0,1154.0,37,135,010803,108.03,Orange County
Census Tract 108.04; Orange County; North Carolina,899.0,197.0,702.0,37,135,010804,108.04,Orange County
Census Tract 109.02; Orange County; North Carolina,2628.0,212.0,2416.0,37,135,010902,109.02,Orange County
Census Tract 109.03; Orange County; North Carolina,1108.0,23.0,1085.0,37,135,010903,109.03,Orange County
Census Tract 109.04; Orange County; North Carolina,1420.0,28.0,1392.0,37,135,010904,109.04,Orange County
Census Tract 110.01; Orange County; North Carolina,2047.0,42.0,2005.0,37,135,011001,110.01,Orange County
Census Tract 110.02; Orange County; North Carolina,1995.0,113.0,1882.0,37,135,011002,110.02,Orange County
Census Tract 111.03; Orange County; North Carolina,1231.0,135.0,1096.0,37,135,011103,111.03,Orange County
Census Tract 111.04; Orange County; North Carolina,658.0,35.0,623.0,37,135,011104,111.04,Orange County
Census Tract 111.05; Orange County; North Carolina,1485.0,203.0,1282.0,37,135,011105,111.05,Orange County
Census Tract 111.06; Orange County; North Carolina,1169.0,251.0,918.0,37,135,011106,111.06,Orange County
Census Tract 111.07; Orange County; North Carolina,1855.0,127.0,1728.0,37,135,011107,111.07,Orange County
Census Tract 112.04; Orange County; North Carolina,1347.0,2.0,1345.0,37,135,011204,112.04,Orange County
Census Tract 112.06; Orange County; North Carolina,1518.0,18.0,1500.0,37,135,011206,112.06,Orange County
Census Tract 112.07; Orange County; North Carolina,1816.0,122.0,1694.0,37,135,011207,112.07,Orange County
Census Tract 112.08; Orange County; North Carolina,2095.0,247.0,1848.0,37,135,011208,112.08,Orange County
Census Tract 112.09; Orange County; North Carolina,1301.0,7.0,1294.0,37,135,011209,112.09,Orange County
Census Tract 112.10; Orange County; North Carolina,1312.0,65.0,1247.0,37,135,011210,112.10,Orange County
Census Tract 112.11; Orange County; North Carolina,980.0,19.0,961.0,37,135,011211,112.11,Orange County
Census Tract 113; Orange County; North Carolina,1021.0,148.0,873.0,37,135,011300,113,Orange County
Census Tract 114; Orange County; North Carolina,1318.0,2.0,1316.0,37,135,011400,114,Orange County
Census Tract 115; Orange County; North Carolina,789.0,54.0,735.0,37,135,011500,115,Orange County
Census Tract 116.01; Orange County; North Carolina,8.0,0.0,8.0,37,135,011601,116.01,Orange County
Census Tract 116.02; Orange County; North Carolina,151.0,14.0,137.0,37,135,011602,116.02,Orange County
Census Tract 117; Orange County; North Carolina,1764.0,63.0,1701.0,37,135,011700,117,Orange County
Census Tract 118; Orange County; North Carolina,1389.0,113.0,1276.0,37,135,011800,118,Orange County
Census Tract 119.02; Orange County; North Carolina,1947.0,51.0,1896.0,37,135,011902,119.02,Orange County
Census Tract 119.03; Orange County; North Carolina,849.0,30.0,819.0,37,135,011903,119.03,Orange County
Census Tract 119.04; Orange County; North Carolina,1123.0,13.0,1110.0,37,135,011904,119.04,Orange County
Census Tract 121.01; Orange County; North Carolina,1526.0,129.0,1397.0,37,135,012101,121.01,Orange County
Census Tract 121.02; Orange County; North Carolina,504.0,23.0,481.0,37,135,012102,121.02,Orange County
Census Tract 121.03; Orange County; North Carolina,1282.0,64.0,1218.0,37,135,012103,121.03,Orange County
Census Tract 122.01; Orange County; North Carolina,1403.0,29.0,1374.0,37,135,012201,122.01,Orange County
Census Tract 122.02; Orange County; North Carolina,1811.0,34.0,1777.0,37,135,012202,122.02,Orange County
Census Tract 502.01; Rowan County; North Carolina,1857.0,530.0,1327.0,37,159,050201,502.01,Rowan County
Census Tract 502.02; Rowan County; North Carolina,2090.0,521.0,1569.0,37,159,050202,502.02,Rowan County
Census Tract 503; Rowan County; North Carolina,1869.0,441.0,1428.0,37,159,050300,503,Rowan County
Census Tract 504; Rowan County; North Carolina,942.0,363.0,579.0,37,159,050400,504,Rowan County
Census Tract 505; Rowan County; North Carolina,1131.0,103.0,1028.0,37,159,050500,505,Rowan County
Census Tract 507; Rowan County; North Carolina,1574.0,359.0,1215.0,37,159,050700,507,Rowan County
Census Tract 508; Rowan County; North Carolina,1263.0,317.0,946.0,37,159,050800,508,Rowan County
Census Tract 509.01; Rowan County; North Carolina,1859.0,225.0,1634.0,37,159,050901,509.01,Rowan County
Census Tract 509.03; Rowan County; North Carolina,2404.0,259.0,2145.0,37,159,050903,509.03,Rowan County
Census Tract 509.04; Rowan County; North Carolina,1275.0,74.0,1201.0,37,159,050904,509.04,Rowan County
Census Tract 510.01; Rowan County; North Carolina,3021.0,323.0,2698.0,37,159,051001,510.01,Rowan County
Census Tract 510.02; Rowan County; North Carolina,2351.0,346.0,2005.0,37,159,051002,510.02,Rowan County
Census Tract 511.01; Rowan County; North Carolina,3017.0,314.0,2703.0,37,159,051101,511.01,Rowan County
Census Tract 511.02; Rowan County; North Carolina,1281.0,98.0,1183.0,37,159,051102,511.02,Rowan County
Census Tract 512.01; Rowan County; North Carolina,1995.0,268.0,1727.0,37,159,051201,512.01,Rowan County
Census Tract 512.02; Rowan County; North Carolina,1319.0,251.0,1068.0,37,159,051202,512.02,Rowan County
Census Tract 512.04; Rowan County; North Carolina,1701.0,299.0,1402.0,37,159,051204,512.04,Rowan County
Census Tract 513.01; Rowan County; North Carolina,911.0,138.0,773.0,37,159,051301,513.01,Rowan County
Census Tract 513.02; Rowan County; North Carolina,1874.0,277.0,1597.0,37,159,051302,513.02,Rowan County
Census Tract 513.03; Rowan County; North Carolina,2759.0,636.0,2123.0,37,159,051303,513.03,Rowan County
Census Tract 514; Rowan County; North Carolina,3058.0,433.0,2625.0,37,159,051400,514,Rowan County
Census Tract 515.01; Rowan County; North Carolina,1788.0,411.0,1377.0,37,159,051501,515.01,Rowan County
Census Tract 515.02; Rowan County; North Carolina,1406.0,279.0,1127.0,37,159,051502,515.02,Rowan County
Census Tract 516; Rowan County; North Carolina,2702.0,569.0,2133.0,37,159,051600,516,Rowan County
Census Tract 517; Rowan County; North Carolina,3185.0,492.0,2693.0,37,159,051700,517,Rowan County
Census Tract 518.01; Rowan County; North Carolina,1665.0,287.0,1378.0,37,159,051801,518.01,Rowan County
Census Tract 518.02; Rowan County; North Carolina,1802.0,101.0,1701.0,37,159,051802,518.02,Rowan County
Census Tract 519.01; Rowan County; North Carolina,1879.0,264.0,1615.0,37,159,051901,519.01,Rowan County
Census Tract 519.03; Rowan County; North Carolina,1322.0,141.0,1181.0,37,159,051903,519.03,Rowan County
Census Tract 519.04; Rowan County; North Carolina,1408.0,277.0,1131.0,37,159,051904,519.04,Rowan County
Census Tract 520; Rowan County; North Carolina,1054.0,302.0,752.0,37,159,052000,520,Rowan County
